date,open,high,close,low,volume,amount
2016-12-30,14.1,14.26,14.21,13.95,4360119.0,58889841.0
2016-12-29,14.1,14.31,14.2,13.95,2673089.0,36196457.0
2016-12-28,14.03,14.16,14.07,13.99,2395918.0,32151817.0
2016-12-27,14.03,14.18,14.03,14.0,1874514.0,25191142.0
2016-12-26,13.76,14.29,14.11,13.61,3529001.0,47141177.0
2016-12-23,13.86,13.93,13.79,13.68,1665085.0,21905846.0
2016-12-22,13.91,13.98,13.95,13.82,1370407.0,18204867.0
2016-12-21,13.82,13.99,13.92,13.8,1677684.0,22306551.0
2016-12-20,13.88,13.88,13.76,13.74,2261427.0,29845495.0
2016-12-19,13.76,13.89,13.84,13.74,1395021.0,18432160.0
2016-12-16,13.71,13.91,13.84,13.64,1978342.0,26111164.0
2016-12-15,13.5,13.91,13.74,13.41,3291367.0,42892722.0
2016-12-14,13.54,13.66,13.46,13.41,2659027.0,34510491.0
2016-12-13,13.52,13.66,13.59,13.34,2865146.0,37066212.0
2016-12-12,14.34,14.39,13.5,13.5,4931876.0,65263106.0
2016-12-09,14.42,14.5,14.39,14.36,2529424.0,34852635.0
2016-12-08,14.58,14.64,14.42,14.37,2552359.0,35376346.0
2016-12-07,14.41,14.6,14.59,14.32,3802591.0,52520570.0
2016-12-06,14.32,14.47,14.4,14.32,2199583.0,30222124.0
2016-12-05,14.28,14.51,14.33,14.24,1879364.0,25853290.0
2016-12-02,14.59,14.61,14.38,14.33,3000218.0,41415190.0
2016-12-01,14.48,14.71,14.64,14.45,4630073.0,64749384.0
2016-11-30,14.75,14.75,14.49,14.39,4619414.0,64330147.0
2016-11-29,14.99,15.04,14.74,14.66,4827209.0,68411963.0
2016-11-28,14.98,15.11,15.02,14.92,4630193.0,66391478.0
2016-11-25,15.1,15.18,14.96,14.67,4124034.0,58713864.0
2016-11-24,15.19,15.28,15.1,15.08,3835257.0,55477260.0
2016-11-23,15.45,15.61,15.18,15.1,5020188.0,73564483.0
2016-11-22,15.67,15.72,15.5,15.39,4589584.0,68121443.0
2016-11-21,15.15,15.77,15.68,15.07,7546697.0,111207031.0
2016-11-18,14.95,15.3,15.08,14.89,4168456.0,60265982.0
2016-11-17,14.95,15.15,14.98,14.81,3785297.0,54130074.0
2016-11-16,15.22,15.3,14.98,14.97,5207632.0,75191275.0
2016-11-15,14.88,15.53,15.33,14.82,6781415.0,98209477.0
2016-11-14,14.78,14.94,14.91,14.66,4921640.0,69685409.0
2016-11-11,14.68,14.88,14.81,14.59,5089610.0,71662602.0
2016-11-10,14.43,14.7,14.66,14.43,4522021.0,63118116.0
2016-11-09,14.51,14.64,14.33,14.15,4027488.0,55528602.0
2016-11-08,14.5,14.58,14.46,14.43,2993367.0,41467663.0
2016-11-07,14.5,14.68,14.44,14.38,3394030.0,47104624.0
2016-11-04,14.65,14.76,14.64,14.44,3690388.0,51496845.0
2016-11-03,14.42,14.82,14.71,14.4,4984719.0,69759167.0
2016-11-02,14.54,14.73,14.51,14.46,4950286.0,69024116.0
2016-11-01,14.28,14.73,14.66,14.28,8255277.0,115055711.0
2016-10-31,14.25,14.41,14.31,14.17,2670451.0,36468885.0
2016-10-28,14.29,14.44,14.36,14.18,4195816.0,57476919.0
2016-10-27,14.27,14.49,14.32,14.27,2799182.0,38451949.0
2016-10-26,14.32,14.36,14.34,14.17,3459898.0,47178781.0
2016-10-25,14.31,14.37,14.33,14.2,3201809.0,43702721.0
2016-10-24,14.15,14.39,14.33,14.11,3609841.0,49279981.0
2016-10-21,14.25,14.36,14.16,14.01,2238296.0,30352585.0
2016-10-20,14.15,14.41,14.31,14.14,3975147.0,54325713.0
2016-10-19,14.26,14.34,14.21,14.05,3385719.0,46032220.0
2016-10-18,13.98,14.28,14.23,13.98,3938266.0,53514723.0
2016-10-17,14.07,14.24,14.02,13.92,2969054.0,40090195.0
2016-10-14,14.0,14.13,14.1,13.97,2374398.0,31878871.0
2016-10-13,14.09,14.09,14.08,13.95,2612594.0,34977061.0
2016-10-12,13.95,14.15,14.09,13.87,4275091.0,57426535.0
2016-10-11,13.81,14.01,13.96,13.81,3301762.0,43996004.0
2016-10-10,13.66,13.89,13.86,13.59,3544916.0,46677101.0
2016-09-30,13.56,13.66,13.6,13.56,2038512.0,26532876.0
2016-09-29,13.51,13.66,13.56,13.51,1836263.0,23885173.0
2016-09-28,13.49,13.55,13.53,13.43,1593329.0,20540686.0
2016-09-27,13.51,13.59,13.52,13.3,3392562.0,43572452.0
2016-09-26,13.88,13.92,13.53,13.53,3538523.0,46489744.0
2016-09-23,14.0,14.03,13.86,13.86,2908190.0,38702234.0
2016-09-22,14.07,14.08,13.99,13.94,3768873.0,50474720.0
2016-09-21,13.87,14.0,13.99,13.83,2671593.0,35575980.0
2016-09-20,13.96,13.96,13.87,13.81,3242197.0,42967952.0
2016-09-19,13.96,14.13,13.96,13.81,5765848.0,76908291.0
2016-09-14,13.88,14.05,13.95,13.83,3560687.0,47511772.0
2016-09-13,13.79,14.02,14.0,13.74,4490354.0,59511604.0
2016-09-12,13.94,14.02,13.71,13.69,6209268.0,82366979.0
2016-09-09,14.29,14.7,14.27,14.24,10039188.0,139102910.0
2016-09-08,14.14,14.34,14.33,14.02,5928926.0,80549236.0
2016-09-07,14.01,14.32,14.13,13.97,9548740.0,129094740.0
2016-09-06,13.97,14.04,14.03,13.75,6593573.0,87737894.0
2016-09-05,13.74,13.95,13.93,13.74,6564781.0,87062310.0
2016-09-02,13.62,13.8,13.7,13.61,4388849.0,57487068.0
2016-09-01,13.57,13.81,13.63,13.55,7510574.0,98396649.0
2016-08-31,13.63,13.69,13.59,13.51,5242615.0,68071986.0
2016-08-30,13.63,13.65,13.62,13.56,5575254.0,72474723.0
2016-08-29,13.53,13.66,13.57,13.53,4179766.0,54290050.0
2016-08-26,13.54,13.64,13.55,13.49,4533298.0,58789283.0
2016-08-25,13.64,13.64,13.51,13.38,4117228.0,53101216.0
2016-08-24,13.73,13.74,13.71,13.62,4444232.0,58174141.0
2016-08-23,13.63,13.75,13.68,13.58,3887198.0,50787785.0
2016-08-22,13.85,13.92,13.69,13.68,2793148.0,36751823.0
2016-08-19,13.81,13.85,13.85,13.71,3304804.0,43568939.0
2016-08-18,13.79,13.88,13.84,13.73,3700758.0,48823890.0
2016-08-17,13.8,13.83,13.81,13.69,3806198.0,50045268.0
2016-08-16,13.76,13.87,13.78,13.73,3714103.0,48947052.0
2016-08-15,13.41,13.82,13.8,13.36,6108359.0,79677452.0
2016-08-12,13.25,13.39,13.39,13.2,3157431.0,40137464.0
2016-08-11,13.65,13.65,13.3,13.28,4068187.0,52300674.0
2016-08-10,13.45,13.69,13.61,13.4,5243600.0,68003205.0
2016-08-09,13.3,13.45,13.45,13.26,3337151.0,42634887.0
2016-08-08,13.18,13.36,13.34,13.08,3270494.0,41355208.0
2016-08-05,13.23,13.28,13.21,13.13,2723858.0,34388428.0
2016-08-04,13.25,13.28,13.26,13.02,5747443.0,72211780.0
2016-08-03,13.06,13.36,13.34,13.06,3692813.0,46648964.0
2016-08-02,13.06,13.1,13.08,12.97,2575104.0,32084764.0
2016-08-01,13.17,13.17,12.97,12.82,3408158.0,42094817.0
2016-07-29,13.48,13.58,13.16,13.06,6120432.0,77656672.0
2016-07-28,13.51,13.57,13.41,13.18,4317614.0,55129173.0
2016-07-27,14.24,14.36,13.51,13.4,7542099.0,99980265.0
2016-07-26,14.47,14.54,14.24,14.03,10441302.0,142221249.0
2016-07-25,14.44,14.65,14.55,14.44,2119252.0,29509287.0
2016-07-22,14.7,14.76,14.46,14.45,2814911.0,39199062.0
2016-07-21,14.51,14.74,14.74,14.44,3433557.0,47938552.0
2016-07-20,14.52,14.63,14.51,14.42,2435017.0,33756774.0
2016-07-19,14.42,14.62,14.52,14.36,2031972.0,28143216.0
2016-07-18,14.67,14.71,14.44,14.33,2954292.0,40947340.0
2016-07-15,14.81,14.88,14.67,14.49,3458382.0,48571676.0
2016-07-14,14.99,14.99,14.86,14.74,2526909.0,35755438.0
2016-07-13,14.75,15.13,15.02,14.65,5505768.0,78193890.0
2016-07-12,14.86,14.91,14.71,14.5,4395725.0,61593624.0
2016-07-11,14.97,15.15,14.72,14.69,3983530.0,56775137.0
2016-07-08,14.78,15.04,14.99,14.58,6067126.0,85986519.0
2016-07-07,14.91,15.69,14.96,14.77,12944885.0,187666828.0
2016-07-06,13.99,15.02,14.94,13.91,14564785.0,203088619.0
2016-07-05,13.92,14.09,14.02,13.87,4485802.0,59920818.0
2016-07-04,13.6,13.94,13.92,13.56,4973255.0,65756335.0
2016-07-01,13.77,13.94,13.7,13.63,3087403.0,40617288.0
2016-06-30,13.8,13.82,13.75,13.69,2894236.0,38019014.0
2016-06-29,13.88,14.1,13.72,13.7,4597453.0,60927406.0
2016-06-28,13.77,13.89,13.84,13.64,4577345.0,60248066.0
2016-06-27,13.11,13.74,13.74,13.11,4391759.0,56906189.0
2016-06-24,13.49,13.62,13.35,12.89,4081085.0,52179028.0
2016-06-23,13.45,13.54,13.52,13.26,4101054.0,52741703.0
2016-06-22,13.16,13.47,13.46,13.06,2695464.0,34097743.0
2016-06-21,13.49,13.58,13.15,13.11,3060674.0,39087172.0
2016-06-20,13.35,13.56,13.45,13.27,2580880.0,33093708.0
2016-06-17,13.36,13.65,13.38,13.21,3536359.0,45434351.0
2016-06-16,13.52,13.81,13.38,13.36,5509651.0,71742157.0
2016-06-15,13.12,13.7,13.63,12.95,6797579.0,87861746.0
2016-06-14,12.71,13.32,13.32,12.57,6342131.0,79113018.0
2016-06-13,13.08,13.57,12.71,12.71,7798404.0,98698726.0
2016-06-08,13.03,13.43,13.2,13.0,5042678.0,63794730.0
2016-06-07,12.96,13.14,13.03,12.85,3617467.0,44979384.0
2016-06-06,12.94,13.13,12.94,12.85,4123102.0,51154087.0
2016-06-03,12.76,12.92,12.89,12.74,5258472.0,64604864.0
2016-06-02,12.64,12.78,12.75,12.58,3928874.0,47716653.0
2016-06-01,12.72,12.79,12.66,12.59,4173638.0,50638870.0
2016-05-31,12.22,12.69,12.69,12.2,5150669.0,61580795.0
2016-05-30,12.14,12.32,12.16,11.96,2452221.0,28591564.0
2016-05-27,12.23,12.41,12.18,12.17,3265808.0,38270732.0
2016-05-26,12.08,12.24,12.24,11.78,3999362.0,45903572.0
2016-05-25,12.26,12.32,12.09,12.03,2290481.0,26885218.0
2016-05-24,12.34,12.4,12.16,12.1,2517453.0,29594469.0
2016-05-23,12.24,12.4,12.4,12.15,3250684.0,38632033.0
2016-05-20,12.14,12.25,12.23,12.03,2613841.0,30630416.0
2016-05-19,12.19,12.44,12.2,12.13,4364357.0,51760870.0
2016-05-18,12.25,12.39,12.29,12.12,7971735.0,94270160.0
2016-05-17,12.17,12.26,12.2,11.97,3258590.0,38115833.0
2016-05-16,11.99,12.22,12.2,11.82,4093601.0,47238825.0
2016-05-13,12.12,12.25,12.01,11.98,2168157.0,25334179.0
2016-05-12,12.23,12.23,12.13,11.87,3550772.0,41156907.0
2016-05-11,12.5,12.62,12.35,12.31,3196045.0,38271070.0
2016-05-10,12.24,13.02,12.5,12.24,5039682.0,60882248.0
2016-05-09,12.84,12.84,12.27,12.14,3844576.0,46301396.0
2016-05-06,13.62,13.73,12.92,12.92,6203025.0,79339064.0
2016-05-05,13.62,13.69,13.64,13.52,3053209.0,40043756.0
2016-05-04,13.7,13.84,13.64,13.56,5545738.0,73268288.0
2016-05-03,13.43,13.87,13.85,13.3,8283467.0,108073600.0
2016-04-29,12.87,13.52,13.47,12.87,6443381.0,82386488.0
2016-04-28,13.14,13.15,12.99,12.63,3369906.0,41861108.0
2016-04-27,13.22,13.28,13.13,13.11,3796636.0,48286524.0
2016-04-26,13.01,13.19,13.19,12.98,3464345.0,43798820.0
2016-04-25,13.12,13.28,13.11,12.8,2044446.0,25693692.0
2016-04-22,12.94,13.26,13.13,12.93,2304171.0,29016422.0
2016-04-21,13.16,13.4,13.05,12.95,3376264.0,42953196.0
2016-04-20,14.1,14.15,13.26,12.82,6767994.0,87724248.0
2016-04-19,13.98,14.21,14.1,13.85,4482674.0,60456400.0
2016-04-18,14.32,14.34,13.91,13.75,5526946.0,74139536.0
2016-04-15,14.13,14.5,14.29,14.09,8194263.0,113536240.0
2016-04-14,13.83,14.12,14.12,13.81,6459712.0,87210120.0
2016-04-13,13.64,13.93,13.86,13.64,8579510.0,114018248.0
2016-04-12,13.98,13.98,13.56,13.3,10672633.0,140449968.0
2016-04-11,13.43,14.17,14.04,13.43,8160596.0,108566832.0
2016-04-08,13.35,13.43,13.36,13.08,3265906.0,41664408.0
2016-04-07,13.58,13.93,13.39,13.33,5475319.0,72099288.0
2016-04-06,13.49,13.59,13.53,13.34,3998610.0,52000960.0
2016-04-05,13.05,13.57,13.53,12.98,6002685.0,77290792.0
2016-04-01,13.13,13.15,13.05,12.64,4286134.0,53380592.0
2016-03-31,13.03,13.22,13.1,12.97,4397564.0,55429932.0
2016-03-30,12.59,13.05,13.02,12.54,5433450.0,66897108.0
2016-03-29,13.2,13.21,12.47,12.26,8358240.0,103018992.0
2016-03-28,13.51,13.75,13.33,13.27,3909487.0,50998612.0
2016-03-25,13.29,13.48,13.43,13.26,2532638.0,32612778.0
2016-03-24,13.53,13.67,13.37,13.37,3629213.0,47297048.0
2016-03-23,13.39,13.8,13.74,13.29,5356074.0,70281480.0
2016-03-22,13.18,13.87,13.61,13.13,7493518.0,97942624.0
2016-03-21,13.28,13.38,13.28,13.07,5066768.0,64676656.0
2016-03-18,12.73,13.23,13.11,12.73,4576183.0,57490716.0
2016-03-17,12.36,12.77,12.72,12.36,3177231.0,38676192.0
2016-03-16,12.58,12.7,12.32,12.25,1793136.0,21508496.0
2016-03-15,12.49,12.68,12.54,12.37,2393037.0,28920274.0
2016-03-14,12.12,12.62,12.53,12.04,3316639.0,39859004.0
2016-03-11,11.95,12.12,11.97,11.85,1651999.0,19089150.0
2016-03-10,12.39,12.53,12.07,12.0,1614671.0,19151234.0
2016-03-09,12.53,12.64,12.39,12.29,2210261.0,26509940.0
2016-03-08,12.5,12.74,12.73,11.95,3031260.0,36276676.0
2016-03-07,12.12,12.62,12.45,12.12,2299965.0,27554714.0
2016-03-04,12.29,12.54,12.07,11.85,3589488.0,42311456.0
2016-03-03,12.07,12.76,12.31,12.07,4932290.0,59446536.0
2016-03-02,11.65,12.4,12.27,11.56,5019261.0,58305080.0
2016-03-01,11.31,11.67,11.56,11.23,2360942.0,26081404.0
2016-02-29,12.04,12.12,11.31,10.99,3217235.0,35397436.0
2016-02-26,12.39,12.39,12.15,11.95,2549428.0,29881908.0
2016-02-25,13.33,13.33,12.04,12.02,4613702.0,56054656.0
2016-02-24,13.22,13.43,13.35,12.98,3444157.0,43873268.0
2016-02-23,13.45,13.45,13.24,13.16,3455647.0,44194552.0
2016-02-22,13.2,13.43,13.42,13.11,4818932.0,61872348.0
2016-02-19,13.06,13.21,13.02,12.9,4516267.0,56765056.0
2016-02-18,13.26,13.45,13.11,13.03,6751355.0,85916264.0
2016-02-17,12.75,13.26,13.25,12.72,4397611.0,55123504.0
2016-02-16,12.44,12.93,12.83,12.35,3953173.0,48599164.0
2016-02-15,12.02,12.4,12.28,11.88,2214779.0,25913766.0
2016-02-05,12.76,12.81,12.38,12.36,2373780.0,28763292.0
2016-02-04,12.44,12.73,12.66,12.44,2564440.0,31169796.0
2016-02-03,12.18,12.44,12.4,12.07,2137231.0,25189050.0
2016-02-02,11.98,12.45,12.29,11.96,2617362.0,31016592.0
2016-02-01,12.15,12.2,11.97,11.81,3111687.0,36026084.0
2016-01-29,11.86,12.35,12.15,11.62,3209105.0,37239172.0
2016-01-28,12.29,12.45,11.72,11.72,2443474.0,28503806.0
2016-01-27,12.97,12.97,12.46,11.93,4059040.0,48113000.0
2016-01-26,13.38,13.63,12.78,12.45,4552332.0,57727132.0
2016-01-25,12.99,13.75,13.65,12.99,4116491.0,52586272.0
2016-01-22,13.0,13.02,12.88,12.57,2878279.0,35566088.0
2016-01-21,13.23,13.48,12.76,12.76,3641738.0,46239400.0
2016-01-20,13.1,13.47,13.43,12.86,5894490.0,74958360.0
2016-01-19,12.73,13.33,13.25,12.65,4966040.0,62408508.0
2016-01-18,12.29,12.9,12.73,12.22,4048355.0,49305932.0
2016-01-15,13.06,13.13,12.4,12.32,3635903.0,44599448.0
2016-01-14,12.3,13.18,13.03,12.2,4350290.0,53235796.0
2016-01-13,13.18,13.3,12.62,12.55,4315567.0,53906804.0
2016-01-12,13.19,13.39,12.99,12.68,3311831.0,41715756.0
2016-01-11,13.9,14.48,13.07,13.07,5710268.0,75064280.0
2016-01-08,14.8,14.82,14.52,13.75,4617627.0,64705540.0
2016-01-07,15.56,15.56,14.25,14.18,885900.0,12686942.0
2016-01-06,15.65,15.87,15.76,15.41,3694854.0,55700696.0
2016-01-05,15.01,16.02,15.56,14.9,4436685.0,66252256.0
2016-01-04,17.43,17.53,15.7,15.69,3447158.0,55408436.0
2015-12-31,17.83,17.84,17.43,17.3,3621216.0,61306780.0
2015-12-30,17.61,17.85,17.73,17.47,4072200.0,69508240.0
2015-12-29,17.25,17.51,17.47,17.09,3334462.0,55557776.0
2015-12-28,17.94,18.06,17.27,17.25,8490782.0,144806816.0
2015-12-25,17.82,18.05,17.91,17.77,5019487.0,86556624.0
2015-12-24,18.13,18.3,17.9,17.39,6757639.0,115417568.0
2015-12-23,18.99,19.01,18.3,18.13,7340911.0,131456832.0
2015-12-22,18.49,18.94,18.83,18.42,7702161.0,139150176.0
2015-12-21,18.36,18.48,18.46,18.15,5501429.0,96997720.0
2015-12-18,18.51,18.61,18.36,18.05,5198778.0,91655696.0
2015-12-17,18.35,18.67,18.52,18.2,6410067.0,114150648.0
2015-12-16,18.01,18.41,18.21,17.98,4748901.0,83513520.0
2015-12-15,17.68,18.24,18.09,17.65,5637889.0,98114368.0
2015-12-14,17.15,17.79,17.78,16.86,4464682.0,74464168.0
2015-12-11,17.49,17.75,17.17,16.71,2786252.0,46029848.0
2015-12-10,17.43,17.62,17.44,17.27,3070110.0,51699528.0
2015-12-09,17.36,17.51,17.48,17.14,3117854.0,52101736.0
2015-12-08,17.82,17.82,17.44,17.13,4017541.0,67532664.0
2015-12-07,17.92,17.98,17.87,17.53,5088844.0,87184584.0
2015-12-04,17.22,17.74,17.7,17.1,6067096.0,101954784.0
2015-12-03,16.75,17.42,17.42,16.72,5081629.0,83525976.0
2015-12-02,17.13,17.13,16.75,15.85,6320143.0,100994848.0
2015-12-01,16.98,17.46,17.16,16.86,5459433.0,90273320.0
2015-11-30,16.71,17.32,17.12,15.56,8565553.0,138932112.0
2015-11-27,17.98,18.27,16.92,16.75,8828182.0,149533248.0
2015-11-26,18.93,18.93,18.27,18.15,11434991.0,202819216.0
2015-11-25,18.81,19.2,18.81,18.5,11397315.0,206772704.0
2015-11-24,18.34,18.75,18.7,18.15,8134656.0,144432144.0
2015-11-23,18.67,19.33,18.36,18.36,13580216.0,246530912.0
2015-11-20,17.94,18.74,18.66,17.9,11880272.0,209880432.0
2015-11-19,17.34,18.04,17.96,17.34,6665889.0,114084608.0
2015-11-18,18.31,18.4,17.5,17.31,10375584.0,178292752.0
2015-11-17,18.01,18.6,18.33,17.95,17182824.0,303107040.0
2015-11-16,17.32,17.94,17.91,17.12,9771641.0,165145744.0
2015-11-13,18.05,18.65,17.79,17.73,14884041.0,260337744.0
2015-11-12,17.32,18.47,18.36,17.25,24004448.0,411675968.0
2015-11-11,16.62,17.49,17.35,16.58,19989312.0,327870752.0
2015-11-10,16.62,17.08,16.71,16.5,17704568.0,285770496.0
2015-11-09,16.47,16.75,16.61,16.31,14498673.0,231750496.0
2015-11-06,16.1,16.74,16.62,16.08,18239790.0,288717280.0
2015-11-05,16.6,16.7,16.28,16.04,19806268.0,312107552.0
2015-11-04,15.41,16.45,16.44,15.41,25556012.0,395560384.0
2015-11-03,15.33,15.48,15.35,15.13,4074494.0,60069072.0
2015-11-02,15.38,15.64,15.36,14.95,5294506.0,78295632.0
2015-10-30,15.87,16.05,15.69,15.44,10772190.0,163621904.0
2015-10-29,15.32,15.96,15.84,15.26,10091060.0,151798656.0
2015-10-28,15.82,16.11,15.24,15.16,9141733.0,138151680.0
2015-10-27,15.49,16.47,15.99,14.61,11499624.0,170304528.0
2015-10-26,15.64,15.95,15.67,15.36,13952731.0,209966016.0
2015-10-23,15.09,15.61,15.36,14.93,15623938.0,230042304.0
2015-10-22,14.84,15.2,15.05,14.42,11314586.0,161875008.0
2015-10-21,16.1,16.38,14.73,14.54,12437647.0,185893600.0
2015-10-20,16.17,16.47,16.16,15.78,9407380.0,145323024.0
2015-10-19,16.44,17.11,16.11,15.87,17166344.0,270867488.0
2015-10-16,16.26,17.43,16.5,16.05,19420184.0,308290752.0
2015-10-15,15.61,16.57,16.41,15.38,16938628.0,257094656.0
2015-10-14,15.98,16.43,15.71,15.51,10641625.0,163643680.0
2015-10-13,15.84,16.1,16.03,15.73,4703064.0,72194672.0
2015-10-12,15.07,16.15,16.1,14.99,10959285.0,165813024.0
2015-10-09,14.9,15.09,14.97,14.61,5420265.0,77585840.0
2015-10-08,14.4,15.23,15.05,14.24,9586212.0,135822144.0
2015-09-30,13.94,14.15,13.97,13.73,3142603.0,42216196.0
2015-09-29,13.85,14.38,13.85,13.71,5575158.0,75128728.0
2015-09-28,13.32,14.52,14.16,13.04,11151185.0,149652944.0
2015-09-25,13.91,14.07,13.3,13.19,6078517.0,79481216.0
2015-09-24,13.74,14.4,14.08,13.61,9218032.0,124004184.0
2015-09-23,13.64,14.21,13.66,13.54,7614822.0,101316840.0
2015-09-22,13.07,14.01,13.98,13.07,12444481.0,163307808.0
2015-09-21,12.27,13.28,13.18,12.21,8416616.0,103147456.0
2015-09-18,12.44,12.5,12.42,12.11,3491267.0,41459836.0
2015-09-17,12.35,12.94,12.2,12.15,7562720.0,91721624.0
2015-09-16,11.42,12.43,12.4,11.38,6564813.0,75202336.0
2015-09-15,11.85,12.09,11.3,11.26,5430723.0,61171300.0
2015-09-14,13.43,13.63,12.1,12.1,7389066.0,90588456.0
2015-09-11,13.45,13.75,13.43,13.27,5576195.0,72377440.0
2015-09-10,13.26,13.75,13.35,13.23,6850011.0,89285208.0
2015-09-09,12.97,13.84,13.54,12.87,11704798.0,151507024.0
2015-09-08,12.01,12.87,12.86,11.88,5793264.0,69287368.0
2015-09-07,12.16,12.63,12.03,11.86,6089620.0,71972960.0
2015-09-02,11.52,12.55,11.77,11.41,6960605.0,80465344.0
2015-09-01,13.23,13.23,12.27,12.13,6576646.0,78801296.0
2015-08-31,13.59,13.76,13.28,13.22,7522009.0,97307416.0
2015-08-28,13.43,14.03,13.89,13.31,9249614.0,121115944.0
2015-08-27,12.77,13.12,13.04,12.33,6793986.0,83940784.0
2015-08-26,12.97,13.59,12.41,11.77,12297944.0,151544752.0
2015-08-25,13.02,13.33,12.85,12.85,7605109.0,95025968.0
2015-08-24,15.04,15.31,14.29,14.29,7097363.0,99197680.0
2015-08-21,16.55,16.8,15.87,15.58,6851089.0,106715888.0
2015-08-20,16.6,17.81,16.67,16.58,8779995.0,146001072.0
2015-08-19,16.42,17.32,17.11,15.69,8282732.0,131750760.0
2015-08-18,18.76,18.87,16.86,16.86,11400448.0,194789744.0
2015-08-17,18.54,18.75,18.73,18.07,9796512.0,174298032.0
2015-08-14,18.26,18.91,18.62,18.12,15786212.0,282413600.0
2015-08-13,17.83,18.09,18.09,17.35,11721314.0,200621680.0
2015-08-12,18.18,18.64,17.83,17.82,9075770.0,158571376.0
2015-08-11,18.67,18.96,18.38,18.03,15085546.0,268647552.0
2015-08-10,18.05,18.98,18.78,17.79,13894188.0,246518912.0
2015-08-07,17.18,17.84,17.58,17.18,12181956.0,206791248.0
2015-08-06,16.08,17.27,17.11,15.89,13194870.0,214665264.0
2015-08-05,16.5,17.31,16.63,16.27,16148490.0,261023680.0
2015-08-04,15.51,16.54,16.53,15.41,11239308.0,173386928.0
2015-08-03,15.35,15.56,15.32,14.93,8825398.0,130264056.0
2015-07-31,15.68,16.04,15.44,15.06,11309080.0,169191136.0
2015-07-30,16.73,17.09,16.04,15.92,13242094.0,213669360.0
2015-07-29,16.24,16.76,16.76,15.26,11599655.0,179299296.0
2015-07-28,15.79,17.01,15.81,15.78,21270454.0,328214080.0
2015-07-27,18.98,19.61,17.53,17.53,13853244.0,248385232.0
2015-07-24,19.91,20.33,19.48,19.25,19216756.0,367494304.0
2015-07-23,18.92,19.87,19.78,18.81,16651185.0,313594496.0
2015-07-22,19.14,19.56,18.86,18.24,12336619.0,225325712.0
2015-07-21,19.09,19.81,19.3,18.76,13403260.0,249061808.0
2015-07-20,18.52,19.56,19.56,18.15,20727664.0,377169920.0
2015-07-17,17.12,18.51,18.15,17.01,16791312.0,287102528.0
2015-07-16,17.32,18.05,17.01,15.97,25962984.0,418091840.0
2015-07-15,18.99,18.99,17.74,17.74,15072524.0,261446576.0
2015-07-14,19.69,21.11,19.71,19.19,34053232.0,656881216.0
2015-07-13,19.19,19.19,19.19,18.47,25793714.0,473878720.0
2015-07-07,17.45,17.45,17.45,17.45,817200.0,13745304.0
2015-07-06,21.27,23.34,19.39,19.39,28153916.0,551884544.0
2015-07-03,21.55,21.55,21.55,21.55,812300.0,16871472.0
2015-07-02,23.94,23.94,23.94,23.94,270900.0,6252372.0
2015-07-01,26.6,26.6,26.6,26.6,1042100.0,26719444.0
2015-06-05,27.6,30.15,29.56,27.6,24673592.0,696798080.0
2015-06-04,28.01,28.43,27.46,25.1,13912719.0,356479456.0
2015-06-03,29.05,30.03,27.88,27.57,13365415.0,370318944.0
2015-06-02,26.55,29.08,28.68,26.36,18557876.0,506246976.0
2015-06-01,24.38,26.83,26.43,24.19,13202746.0,328686976.0
2015-05-29,24.87,25.89,24.5,22.84,15567322.0,364207680.0
2015-05-28,27.49,28.89,24.92,24.92,18457160.0,476093056.0
2015-05-27,25.03,27.93,27.68,24.99,12205458.0,401053728.0
2015-05-26,23.92,25.71,25.39,23.92,9927011.0,312094080.0
2015-05-25,22.96,24.26,23.92,22.27,12046753.0,350760960.0
2015-05-22,24.1,24.42,23.24,23.05,8543088.0,251012048.0
2015-05-21,23.15,23.98,23.71,22.85,8382099.0,246368256.0
2015-05-20,21.96,24.1,23.21,21.95,14960354.0,433336608.0
2015-05-19,21.29,22.03,21.91,20.92,9964205.0,271775488.0
2015-05-18,20.67,21.38,21.24,20.29,10687164.0,281381408.0
2015-05-15,21.18,21.29,20.68,20.48,8605977.0,224724176.0
2015-05-14,19.97,21.22,21.18,19.97,15576663.0,406857824.0
2015-05-13,19.35,20.06,19.95,19.18,9514544.0,235595568.0
2015-05-12,19.72,19.86,19.52,19.1,8929807.0,219211424.0
2015-05-11,19.24,19.62,19.6,19.13,9882724.0,241189136.0
2015-05-08,18.16,19.23,19.06,18.16,7709273.0,180408304.0
2015-05-07,18.43,18.43,18.26,17.42,7273837.0,163764560.0
2015-05-06,19.1,19.57,18.53,18.22,5294336.0,127430824.0
2015-05-05,20.19,20.19,19.09,18.9,7205340.0,177534944.0
2015-05-04,19.2,20.34,20.28,19.09,11870472.0,295113216.0
2015-04-30,19.31,19.47,19.27,18.92,7418215.0,178656640.0
2015-04-29,18.98,19.45,19.31,18.69,6624116.0,159890144.0
2015-04-28,20.06,20.32,19.09,18.77,15623956.0,381392512.0
2015-04-27,20.84,20.9,20.6,20.29,13842514.0,357900320.0
2015-04-24,19.5,19.97,19.96,19.42,9295702.0,230715232.0
2015-04-23,20.36,20.43,19.97,19.74,11419967.0,286415808.0
2015-04-22,20.28,20.9,20.28,19.95,14267517.0,364499200.0
2015-04-21,19.33,20.44,20.09,18.66,13705979.0,336106048.0
2015-04-20,21.44,21.45,19.33,19.33,19980088.0,506964352.0
2015-04-17,22.36,23.06,21.48,21.25,13929008.0,385483488.0
2015-04-16,20.28,22.59,22.2,20.05,14619702.0,397367776.0
2015-04-15,19.89,21.45,20.71,19.73,15823911.0,409351968.0
2015-04-14,21.01,21.48,20.28,19.91,14217016.0,370835680.0
2015-04-13,19.29,21.14,20.68,19.29,16137298.0,416970624.0
2015-04-10,18.14,19.42,19.22,17.74,11966532.0,284121184.0
2015-04-09,18.76,18.76,18.22,17.42,11188734.0,252328896.0
2015-04-08,19.19,19.49,18.77,18.45,11623641.0,276181792.0
2015-04-07,18.85,19.97,19.18,18.78,14788401.0,358042112.0
2015-04-03,17.9,19.25,18.85,17.78,12477404.0,294745984.0
2015-04-02,17.06,18.26,18.14,16.93,14229152.0,318175680.0
2015-04-01,16.47,17.09,17.06,16.35,10590990.0,222356096.0
2015-03-31,16.8,16.9,16.38,16.08,11950048.0,245907616.0
2015-03-30,16.23,17.1,16.52,16.08,12093477.0,252751152.0
2015-03-27,15.89,16.03,15.97,15.74,7780980.0,155256688.0
2015-03-26,15.4,16.07,15.81,15.21,11305782.0,222945888.0
2015-03-25,15.58,15.63,15.46,15.23,8994638.0,174360224.0
2015-03-24,15.86,15.88,15.46,15.19,8001372.0,156375984.0
2015-03-23,15.73,16.32,15.91,15.59,8650773.0,172443808.0
2015-03-20,15.65,15.86,15.73,15.5,7000828.0,137593840.0
2015-03-19,15.09,15.78,15.68,15.02,10579287.0,206123008.0
2015-03-18,14.92,15.18,15.15,14.88,8878619.0,167663472.0
2015-03-17,15.05,15.11,14.89,14.74,8838119.0,165976896.0
2015-03-16,14.87,15.12,15.05,14.82,8920919.0,167644496.0
2015-03-13,14.84,14.99,14.8,14.48,4828545.0,89534376.0
2015-03-12,15.18,15.22,14.71,14.56,6147724.0,114963120.0
2015-03-11,14.78,15.31,15.22,14.72,7740295.0,145719216.0
2015-03-10,14.8,15.05,14.78,14.68,6114597.0,114092440.0
2015-03-09,14.44,14.95,14.83,14.32,10072083.0,186207296.0
2015-03-06,14.34,14.5,14.5,14.0,8490582.0,151825232.0
2015-03-05,13.73,14.36,14.36,13.69,11884706.0,209896624.0
2015-03-04,13.61,13.82,13.74,13.61,4241510.0,73150944.0
2015-03-03,13.96,13.98,13.65,13.64,4804942.0,83571168.0
2015-03-02,13.9,14.2,14.03,13.83,5122422.0,90251808.0
2015-02-27,13.68,13.89,13.85,13.67,4569173.0,78917928.0
2015-02-26,13.63,13.71,13.68,13.56,2877086.0,49361964.0
2015-02-25,13.59,13.75,13.6,13.45,2634724.0,45074176.0
2015-02-17,13.67,13.67,13.6,13.45,3139080.0,53436968.0
2015-02-16,13.37,13.71,13.67,13.28,3544490.0,60348972.0
2015-02-13,13.21,13.38,13.29,13.09,3487693.0,58207584.0
2015-02-12,13.01,13.21,13.14,12.89,3656979.0,59908420.0
2015-02-11,13.06,13.13,13.01,12.89,3330501.0,54450984.0
2015-02-10,12.82,13.23,13.06,12.82,1624552.0,26526432.0
2015-02-09,12.97,12.97,12.85,12.75,1707860.0,27622110.0
2015-02-06,13.47,13.51,12.97,12.73,4261037.0,70366936.0
2015-02-05,13.78,13.78,13.45,13.44,3764099.0,64397256.0
2015-02-04,13.89,13.94,13.71,13.59,4117247.0,70988248.0
2015-02-03,13.36,14.32,13.88,13.27,5202123.0,90354496.0
2015-02-02,13.31,13.32,13.28,13.13,2249828.0,37407324.0
2015-01-30,13.41,13.57,13.36,13.34,2227164.0,37756004.0
2015-01-29,13.71,13.71,13.41,13.37,2769040.0,46931784.0
2015-01-28,13.96,13.96,13.71,13.68,3500459.0,60670980.0
2015-01-27,13.62,14.04,13.99,13.46,5354252.0,92516856.0
2015-01-26,13.32,13.6,13.6,13.13,2655083.0,44850796.0
2015-01-23,13.59,13.71,13.3,13.27,3969155.0,66975072.0
2015-01-22,13.42,13.73,13.59,13.3,4086061.0,69525632.0
2015-01-21,12.96,13.58,13.42,12.93,7775529.0,130363600.0
2015-01-20,12.62,12.96,12.96,12.62,3430648.0,55416936.0
2015-01-19,12.55,13.07,12.61,12.44,4444038.0,71218976.0
2015-01-16,12.86,12.93,12.91,12.78,3125820.0,50544048.0
2015-01-15,12.62,12.85,12.81,12.62,2238773.0,35901328.0
2015-01-14,12.53,12.79,12.64,12.47,2586247.0,41066208.0
2015-01-13,12.73,12.73,12.57,12.41,3023078.0,47825324.0
2015-01-12,12.41,12.7,12.56,12.23,2723859.0,42489184.0
2015-01-09,12.53,12.72,12.47,12.46,2778838.0,44062644.0
2015-01-08,12.87,13.01,12.53,12.53,4258768.0,67970912.0
2015-01-07,13.0,13.04,12.87,12.78,3480799.0,56423960.0
2015-01-06,12.73,13.29,13.12,12.61,8032811.0,130551384.0
2015-01-05,12.69,12.94,12.83,12.43,2329528.0,37235408.0
2014-12-31,12.3,12.92,12.69,12.28,2534299.0,39774084.0
2014-12-30,12.7,12.75,12.29,12.18,3104867.0,48418724.0
2014-12-29,12.9,12.96,12.7,12.58,3508119.0,56008080.0
2014-12-26,12.93,13.0,12.88,12.7,3801176.0,61398316.0
2014-12-25,12.73,13.02,12.98,12.65,3059305.0,49506912.0
2014-12-24,12.54,12.73,12.64,12.45,4156865.0,65769664.0
2014-12-23,12.55,12.84,12.41,12.39,4367259.0,69058544.0
2014-12-22,13.94,14.0,12.56,12.56,10640671.0,172537152.0
2014-12-19,14.29,14.61,13.95,13.84,3515422.0,62296856.0
2014-12-18,14.32,14.45,14.33,14.13,4901450.0,88011168.0
2014-12-17,14.49,14.56,14.41,14.18,7110389.0,128053208.0
2014-12-16,15.1,15.15,14.66,14.48,5675123.0,105380248.0
2014-12-15,15.04,15.29,15.11,14.94,4948035.0,94192824.0
2014-12-12,15.33,15.42,15.19,14.88,6967466.0,132461656.0
2014-12-11,14.06,15.12,15.11,13.84,8068783.0,147899168.0
2014-12-10,13.67,14.22,14.13,13.53,5291036.0,92475328.0
2014-12-09,14.47,14.47,13.7,13.66,8659337.0,152472624.0
2014-12-08,14.51,14.82,14.53,14.3,7143628.0,131550936.0
2014-12-05,15.42,15.42,14.49,14.22,10149461.0,186695424.0
2014-12-04,15.11,15.8,15.43,14.92,9029947.0,175036160.0
2014-12-03,14.85,15.19,15.11,14.53,8958503.0,166408960.0
2014-12-02,14.4,15.06,14.85,14.25,8486716.0,157227904.0
2014-12-01,14.49,14.83,14.4,14.08,7383102.0,133370256.0
2014-11-28,14.17,14.86,14.48,14.17,12324169.0,225957616.0
2014-11-27,13.74,14.35,14.14,13.63,8552386.0,151287088.0
2014-11-26,13.47,13.58,13.52,13.39,4097896.0,69577976.0
2014-11-25,13.32,13.6,13.5,13.05,6202624.0,103408432.0
2014-11-24,13.34,13.36,13.32,13.11,6639203.0,110563584.0
2014-11-21,13.01,13.25,13.2,12.89,3015251.0,49804888.0
2014-11-20,13.13,13.19,12.98,12.96,1950058.0,31956244.0
2014-11-19,13.09,13.24,13.13,13.02,2087907.0,34472188.0
2014-11-18,13.02,13.2,13.13,12.93,1972820.0,32396242.0
2014-11-17,12.87,13.1,13.03,12.6,3214814.0,52014648.0
2014-11-14,12.92,13.03,12.93,12.81,2863872.0,46390920.0
2014-11-13,13.24,13.28,12.89,12.87,2604761.0,42461640.0
2014-11-12,13.03,13.16,13.13,12.87,2653170.0,43411000.0
2014-11-11,13.71,13.72,13.03,12.93,5218166.0,87001768.0
2014-11-10,13.66,13.97,13.78,13.59,3543298.0,61131384.0
2014-11-07,13.59,13.97,13.62,13.43,7409413.0,128062008.0
2014-11-06,13.38,13.52,13.5,13.29,3037055.0,51275400.0
2014-11-05,13.52,13.55,13.41,13.28,2541332.0,42782616.0
2014-11-04,13.68,13.68,13.55,13.34,4433094.0,75307408.0
2014-11-03,13.74,13.8,13.73,13.52,6339837.0,108724496.0
2014-10-31,13.74,13.81,13.62,13.37,5039589.0,85842304.0
2014-10-30,13.81,13.89,13.68,13.55,6946451.0,119592368.0
2014-10-29,13.44,14.32,13.82,13.43,11702778.0,202551792.0
2014-10-28,13.26,13.52,13.43,13.26,6038564.0,101662640.0
2014-10-27,13.1,13.43,13.24,12.85,3829292.0,63605084.0
2014-10-24,12.76,13.52,13.1,12.69,5392128.0,88291248.0
2014-10-23,12.83,12.93,12.73,12.66,4061096.0,65089172.0
2014-10-22,13.15,13.24,12.84,12.67,6757485.0,110396472.0
2014-10-21,13.76,13.81,13.13,13.01,10660391.0,178276256.0
2014-10-20,13.47,13.83,13.73,13.46,3569656.0,61260840.0
2014-10-17,13.7,13.76,13.52,13.24,5680175.0,96228024.0
2014-10-16,13.88,14.16,13.76,13.68,4011508.0,70517976.0
2014-10-15,13.97,14.17,14.01,13.81,2869028.0,50294340.0
2014-10-14,13.79,14.21,14.02,13.79,5213611.0,91861648.0
2014-10-13,14.2,14.24,13.93,13.75,6292888.0,110051752.0
2014-10-10,13.99,14.45,14.33,13.93,7710791.0,138277216.0
2014-10-09,13.84,14.12,14.12,13.69,5997646.0,104581120.0
2014-10-08,13.63,14.17,13.82,13.57,8765920.0,153813184.0
2014-09-30,13.56,13.63,13.63,13.36,5454821.0,92652552.0
2014-09-29,13.56,13.64,13.49,13.32,7108729.0,120168456.0
2014-09-26,13.44,13.6,13.53,13.28,5548246.0,93607768.0
2014-09-25,13.32,13.58,13.43,13.16,9760917.0,164156160.0
2014-09-24,13.34,13.59,13.28,13.13,13006983.0,218033504.0
2014-09-23,13.24,13.44,13.32,12.87,23482426.0,387869312.0
2014-09-22,12.84,12.84,12.84,12.64,14417686.0,232491008.0
2014-09-19,11.41,11.72,11.67,11.41,3916399.0,57354640.0
2014-09-18,11.22,11.53,11.47,11.18,2804938.0,40154576.0
2014-09-17,11.36,11.41,11.32,11.12,3594376.0,50892396.0
2014-09-16,11.81,11.83,11.28,11.28,5579951.0,80702040.0
2014-09-15,11.74,11.88,11.77,11.61,3752230.0,55490020.0
2014-09-12,11.35,11.88,11.77,11.34,10454847.0,152667760.0
2014-09-11,11.12,11.32,11.32,11.03,6368195.0,89765624.0
2014-09-10,10.99,11.19,11.07,10.93,3230425.0,45103524.0
2014-09-09,10.99,11.08,11.04,10.91,2780617.0,38466484.0
2014-09-05,11.07,11.14,11.02,10.96,3534901.0,49002012.0
2014-09-04,11.0,11.15,11.08,10.97,3014022.0,41907088.0
2014-09-03,10.94,11.16,11.03,10.92,4622317.0,64386172.0
2014-09-02,10.87,10.97,10.95,10.73,3354441.0,45788040.0
2014-09-01,10.68,10.92,10.86,10.68,2339770.0,31789366.0
2014-08-29,10.56,10.75,10.71,10.51,1734036.0,23175580.0
2014-08-28,10.63,10.7,10.54,10.48,1483530.0,19721046.0
2014-08-27,10.63,10.79,10.63,10.6,2257218.0,30351304.0
2014-08-26,11.06,11.06,10.62,10.6,4402573.0,59658048.0
2014-08-25,11.14,11.35,11.06,11.06,3894445.0,54813912.0
2014-08-22,10.92,11.29,11.14,10.87,5627768.0,78781496.0
2014-08-21,10.79,10.95,10.9,10.75,3543976.0,48410004.0
2014-08-20,10.8,10.82,10.79,10.71,2465125.0,33339720.0
2014-08-19,10.84,10.85,10.82,10.72,2888575.0,39154664.0
2014-08-18,10.77,10.89,10.86,10.75,2855021.0,38823656.0
2014-08-15,10.64,10.8,10.74,10.56,2382204.0,32088754.0
2014-08-14,10.78,10.94,10.64,10.63,3881813.0,52680620.0
2014-08-13,10.62,10.9,10.78,10.6,4234941.0,57347356.0
2014-08-12,10.74,10.75,10.62,10.5,4005558.0,53255404.0
2014-08-11,10.5,10.82,10.71,10.5,3705242.0,49915776.0
2014-08-08,10.44,10.56,10.5,10.43,2530701.0,33411390.0
2014-08-07,10.74,10.8,10.46,10.42,5969239.0,79192040.0
2014-08-06,10.78,10.93,10.72,10.64,4885515.0,66200288.0
2014-08-05,10.79,10.91,10.83,10.66,4387975.0,59635052.0
2014-08-04,10.68,10.95,10.79,10.67,5053030.0,68697424.0
2014-08-01,10.34,11.09,10.72,10.31,11661478.0,156404016.0
2014-07-31,10.38,10.45,10.41,10.26,4636799.0,60382952.0
2014-07-30,10.1,10.35,10.35,10.09,5878117.0,75803576.0
2014-07-29,10.19,10.29,10.15,10.05,4564891.0,58326648.0
2014-07-28,10.09,10.34,10.16,9.98,7372720.0,94124232.0
2014-07-25,9.87,10.33,9.92,9.87,5838608.0,73537816.0
2014-07-24,9.66,10.05,9.94,9.55,7705701.0,95338048.0
2014-07-23,9.77,9.88,9.83,9.6,5415914.0,66326060.0
2014-07-22,9.39,9.86,9.82,9.39,5137943.0,62807628.0
2014-07-21,9.6,9.63,9.42,9.39,2091193.0,24902656.0
2014-07-18,9.54,9.72,9.6,9.53,3704235.0,44906308.0
2014-07-17,9.32,9.68,9.61,9.32,6071275.0,72604168.0
2014-07-16,9.38,9.44,9.33,9.29,2109051.0,24841056.0
2014-07-15,9.42,9.45,9.4,9.34,1545492.0,18234138.0
2014-07-14,9.28,9.47,9.45,9.27,1987145.0,23504464.0
2014-07-11,9.2,9.3,9.28,9.19,851884.0,9927859.0
2014-07-10,9.17,9.25,9.22,9.17,1256967.0,14552203.0
2014-07-09,9.39,9.42,9.17,9.15,1700071.0,19823712.0
2014-07-08,9.31,9.39,9.39,9.27,1736792.0,20409658.0
2014-07-07,9.39,9.47,9.33,9.31,1695768.0,19961104.0
2014-07-04,9.39,9.49,9.39,9.32,2482741.0,29359642.0
2014-07-03,9.25,9.45,9.42,9.22,3307536.0,38721608.0
2014-07-02,9.21,9.26,9.24,9.16,1660114.0,19239022.0
2014-07-01,9.31,9.32,9.21,9.16,2026222.0,23462978.0
2014-06-30,9.24,9.31,9.28,9.23,1711965.0,19932346.0
2014-06-27,9.16,9.31,9.25,9.16,1931418.0,22433392.0
2014-06-26,9.15,9.27,9.16,9.13,1967702.0,22770168.0
2014-06-25,9.13,9.17,9.15,9.05,983470.0,11271472.0
2014-06-24,9.09,9.16,9.12,9.02,1192209.0,13638703.0
2014-06-23,9.0,9.12,9.0,8.97,1391404.0,15810913.0
2014-06-20,8.91,9.09,9.04,8.82,1402068.0,15764488.0
2014-06-19,9.1,9.13,8.87,8.86,2101992.0,23694646.0
2014-06-18,9.29,9.3,9.08,9.07,1760835.0,20335382.0
2014-06-17,9.46,9.46,9.29,9.28,1186843.0,13927454.0
2014-06-16,9.39,9.49,9.47,9.36,1404347.0,16675712.0
2014-06-13,9.27,9.41,9.38,9.27,1552198.0,18278772.0
2014-06-12,9.35,9.35,9.3,9.25,1041493.0,12164028.0
2014-06-11,9.31,9.37,9.35,9.31,659058.0,7735252.0
2014-06-10,9.29,9.36,9.33,9.23,934622.0,10924634.0
2014-06-09,9.42,9.42,9.28,9.26,822090.0,9647724.0
2014-06-06,9.32,9.33,9.24,9.22,928204.0,10820331.0
2014-06-05,9.25,9.33,9.31,9.2,869373.0,10123194.0
2014-06-04,9.39,9.44,9.24,9.22,1461456.0,17074806.0
2014-06-03,9.43,9.51,9.44,9.43,638612.0,7600979.0
2014-05-30,9.35,9.48,9.46,9.35,761025.0,9013267.0
2014-05-29,9.55,9.57,9.39,9.39,1183079.0,14092452.0
2014-05-28,9.61,9.61,9.55,9.48,1536395.0,18447262.0
2014-05-27,9.62,9.63,9.57,9.55,720173.0,8671971.0
2014-05-26,9.56,9.65,9.63,9.52,1260526.0,15156702.0
2014-05-23,9.51,9.56,9.55,9.5,1180715.0,14137317.0
2014-05-22,9.56,9.63,9.51,9.51,822585.0,9911018.0
2014-05-21,9.48,9.55,9.55,9.4,618014.0,7377994.0
2014-05-20,9.51,9.55,9.48,9.44,670877.0,8001742.0
2014-05-19,9.51,9.51,9.46,9.35,621051.0,7332902.0
2014-05-16,9.63,9.63,9.51,9.42,1318790.0,15751819.0
2014-05-15,9.64,9.88,9.65,9.61,2155598.0,26303736.0
2014-05-14,9.58,9.66,9.61,9.57,755057.0,9114024.0
2014-05-13,9.73,9.73,9.66,9.55,1484766.0,17950330.0
2014-05-12,9.55,9.74,9.69,9.54,1350484.0,16520625.0
2014-05-09,9.47,9.53,9.51,9.38,542652.0,6496623.0
2014-05-08,9.4,9.55,9.44,9.37,770885.0,9255731.0
2014-05-07,9.58,9.64,9.41,9.4,1070064.0,12869456.0
2014-05-06,9.55,9.77,9.62,9.52,1626767.0,19912154.0
2014-05-05,9.39,9.52,9.52,9.35,741164.0,8874271.0
2014-04-30,9.37,9.42,9.39,9.33,1140894.0,13566209.0
2014-04-29,9.31,9.41,9.37,9.2,2440802.0,28788398.0
2014-04-28,9.7,9.74,9.53,9.49,1493719.0,18086704.0
2014-04-25,10.0,10.01,9.7,9.66,1717590.0,21346768.0
2014-04-24,10.0,10.06,10.0,9.93,1051373.0,13317281.0
2014-04-23,10.08,10.15,9.99,9.89,1982241.0,25089324.0
2014-04-22,10.17,10.2,10.08,9.96,2048315.0,26154766.0
2014-04-21,10.49,10.62,10.17,10.11,3409905.0,44739068.0
2014-04-18,10.51,10.62,10.59,10.5,1171298.0,15665530.0
2014-04-17,10.71,10.76,10.54,10.52,2059014.0,27663572.0
2014-04-16,10.46,10.79,10.71,10.46,2918564.0,39518048.0
2014-04-15,10.71,10.72,10.52,10.49,2091437.0,27968616.0
2014-04-14,10.85,10.85,10.71,10.64,2345947.0,31847222.0
2014-04-11,10.73,10.74,10.66,10.6,2411608.0,32568776.0
2014-04-10,10.81,10.86,10.75,10.73,3198337.0,43760412.0
2014-04-09,10.71,10.85,10.8,10.61,3801844.0,51862544.0
2014-04-08,10.64,10.72,10.71,10.47,3528326.0,47416084.0
2014-04-04,10.49,10.58,10.56,10.42,2479909.0,33014994.0
2014-04-03,10.52,10.74,10.53,10.42,2988393.0,40106932.0
2014-04-02,10.76,10.79,10.52,10.35,3703393.0,49585188.0
2014-04-01,10.74,10.82,10.75,10.61,3081607.0,41873072.0
2014-03-31,10.56,10.88,10.74,10.53,4991158.0,67740528.0
2014-03-28,10.45,10.59,10.56,10.32,3844052.0,50985160.0
2014-03-27,10.45,10.62,10.45,10.42,4747029.0,63424204.0
2014-03-26,10.34,10.53,10.52,10.22,6323379.0,82736184.0
2014-03-25,10.69,10.81,10.49,10.43,4832143.0,64739308.0
2014-03-24,10.2,10.91,10.75,10.14,8033986.0,108061912.0
2014-03-21,9.87,10.23,10.21,9.78,2548399.0,32434420.0
2014-03-20,10.07,10.2,9.94,9.93,1682765.0,21534830.0
2014-03-19,10.15,10.16,10.06,9.91,1579388.0,19994574.0
2014-03-18,10.24,10.24,10.15,10.11,1396528.0,18008662.0
2014-03-17,10.04,10.25,10.21,10.04,1585683.0,20473778.0
2014-03-14,10.15,10.15,10.05,9.97,1095313.0,13950839.0
2014-03-13,10.13,10.32,10.15,10.08,1765634.0,22796886.0
2014-03-12,10.17,10.17,10.15,9.89,3283848.0,41810508.0
2014-03-11,9.61,10.26,10.25,9.55,3632697.0,45926024.0
2014-03-10,9.98,9.98,9.61,9.49,2082465.0,25739512.0
2014-03-07,10.0,10.08,10.01,9.95,1402830.0,17820422.0
2014-03-06,10.15,10.15,9.99,9.81,2788906.0,35174428.0
2014-03-05,10.26,10.27,10.15,10.14,1396684.0,18016150.0
2014-03-04,10.18,10.32,10.25,10.11,1558402.0,20224752.0
2014-03-03,10.0,10.23,10.23,10.0,1474016.0,18917008.0
2014-02-28,9.78,10.05,10.0,9.78,1786066.0,22486534.0
2014-02-27,10.27,10.3,9.83,9.75,4278117.0,54254720.0
2014-02-26,10.18,10.3,10.26,10.11,2033104.0,26320134.0
2014-02-25,10.66,10.76,10.19,10.16,3212202.0,42629752.0
2014-02-24,10.71,10.73,10.69,10.53,2284080.0,30736400.0
2014-02-21,10.87,10.9,10.79,10.6,2242467.0,30613796.0
2014-02-20,11.09,11.16,10.87,10.82,3445358.0,47854004.0
2014-02-19,10.97,11.28,11.06,10.93,4160080.0,58560564.0
2014-02-18,11.12,11.12,10.97,10.91,4337361.0,60430436.0
2014-02-17,10.98,11.12,11.1,10.93,4116178.0,57693800.0
2014-02-14,10.71,10.93,10.92,10.68,2399755.0,32900770.0
2014-02-13,10.91,10.94,10.71,10.65,2801315.0,38456324.0
2014-02-12,10.85,10.99,10.92,10.74,3053769.0,42113704.0
2014-02-11,10.86,10.86,10.85,10.64,3857365.0,52624052.0
2014-02-10,10.64,10.87,10.86,10.63,3776652.0,51579524.0
2014-02-07,10.38,10.63,10.61,10.26,1888886.0,25138026.0
2014-01-30,10.6,10.64,10.38,10.36,1769242.0,23451278.0
2014-01-29,10.37,10.6,10.6,10.34,1998802.0,26517004.0
2014-01-28,10.45,10.47,10.41,10.25,1602053.0,21045036.0
2014-01-27,10.37,10.51,10.45,10.36,1555981.0,20605512.0
2014-01-24,10.24,10.52,10.47,10.23,2252068.0,29752640.0
2014-01-23,10.26,10.34,10.28,10.19,1747067.0,22752290.0
2014-01-22,9.96,10.3,10.26,9.95,2388328.0,30863900.0
2014-01-21,9.83,9.96,9.94,9.83,1028816.0,12926316.0
2014-01-20,10.0,10.0,9.82,9.75,1137793.0,14218051.0
2014-01-17,9.99,10.08,10.03,9.92,1443675.0,18273348.0
2014-01-16,9.95,10.15,10.04,9.91,1209875.0,15395881.0
2014-01-15,9.99,10.0,9.96,9.88,1172584.0,14769198.0
2014-01-14,9.9,9.99,9.98,9.79,1029474.0,12940273.0
2014-01-13,9.75,9.87,9.83,9.73,1161584.0,14414618.0
2014-01-10,10.09,10.1,9.75,9.72,2448429.0,30546444.0
2014-01-09,10.26,10.36,10.11,10.11,2188648.0,28441830.0
2014-01-08,10.32,10.43,10.3,10.26,1691504.0,22170078.0
2014-01-07,10.39,10.46,10.3,10.27,2262367.0,29702156.0
2014-01-06,10.75,10.75,10.45,10.38,2563396.0,33999656.0
2014-01-03,10.73,10.84,10.75,10.63,2203430.0,29995694.0
2014-01-02,10.61,10.75,10.73,10.54,1897140.0,25651398.0
2013-12-31,10.57,10.71,10.61,10.42,2313348.0,31028290.0
2013-12-30,10.61,10.72,10.6,10.54,2664264.0,35816540.0
2013-12-27,10.33,10.63,10.58,10.33,2037519.0,27127700.0
2013-12-26,10.53,10.55,10.32,10.3,1712098.0,22598278.0
2013-12-25,10.34,10.52,10.52,10.3,1989921.0,26307544.0
2013-12-24,10.3,10.45,10.33,10.18,2228294.0,29175624.0
2013-12-23,10.27,10.39,10.27,10.19,1641107.0,21428130.0
2013-12-20,10.52,10.6,10.29,10.26,2075044.0,27277326.0
2013-12-19,10.73,10.9,10.51,10.49,2743722.0,37163384.0
2013-12-18,10.76,10.86,10.7,10.67,1405275.0,19130238.0
2013-12-17,10.93,11.01,10.75,10.72,1993022.0,27297810.0
2013-12-16,11.01,11.23,10.94,10.88,2487873.0,34882472.0
2013-12-13,10.97,11.05,11.01,10.88,1978816.0,27512762.0
2013-12-12,11.0,11.11,11.01,10.93,2083314.0,29104448.0
2013-12-11,11.2,11.2,11.0,10.93,3620392.0,50463636.0
2013-12-10,11.31,11.5,11.27,11.16,6109979.0,87702096.0
2013-12-09,11.44,11.44,11.12,10.97,3844522.0,54537068.0
2013-12-06,10.96,11.09,11.01,10.9,2584634.0,36023840.0
2013-12-05,10.99,11.16,10.9,10.86,3679400.0,51287324.0
2013-12-04,10.73,11.15,10.98,10.65,6070882.0,84291256.0
2013-12-03,10.19,10.63,10.62,10.08,3209070.0,42614704.0
2013-12-02,10.56,10.56,10.24,10.19,4164467.0,54801664.0
2013-11-29,10.66,10.87,10.79,10.61,3517489.0,47903496.0
2013-11-28,10.6,10.78,10.64,10.54,3572132.0,48270976.0
2013-11-27,10.43,10.58,10.53,10.38,3709774.0,49371016.0
2013-11-26,10.26,10.51,10.41,10.26,3061765.0,40419616.0
2013-11-25,10.2,10.37,10.25,10.15,2084271.0,27178966.0
2013-11-22,10.4,10.45,10.18,10.16,3222026.0,42054696.0
2013-11-21,10.52,10.52,10.37,10.26,2549758.0,33468906.0
2013-11-20,10.45,10.52,10.52,10.37,2294668.0,30373404.0
2013-11-19,10.56,10.56,10.44,10.4,2151155.0,28512160.0
2013-11-18,10.35,10.59,10.53,10.35,3132638.0,41597212.0
2013-11-15,10.13,10.44,10.34,10.13,2545939.0,33351964.0
2013-11-14,10.04,10.21,10.18,10.03,1178898.0,15149166.0
2013-11-13,10.15,10.25,10.04,10.03,891205.0,11427702.0
2013-11-12,10.18,10.21,10.15,10.05,1266502.0,16262160.0
2013-11-11,10.02,10.19,10.18,9.99,1271246.0,16261901.0
2013-11-08,9.9,10.06,10.0,9.83,2069647.0,26116274.0
2013-11-07,10.11,10.15,9.9,9.89,2484617.0,31367844.0
2013-11-06,10.36,10.36,10.13,10.1,2719462.0,35294556.0
2013-11-05,10.27,10.35,10.34,10.11,1964487.0,25443172.0
2013-11-04,10.3,10.38,10.28,10.26,1483935.0,19376702.0
2013-11-01,10.26,10.33,10.3,10.16,2121775.0,27573212.0
2013-10-31,10.45,10.5,10.26,10.23,2498963.0,32840894.0
2013-10-30,10.38,10.46,10.41,10.3,2535034.0,33373948.0
2013-10-29,10.6,10.75,10.3,10.2,3505221.0,46292172.0
2013-10-28,11.21,11.21,10.58,10.58,6393068.0,87149592.0
2013-10-25,11.68,11.68,11.28,11.21,3967411.0,57119988.0
2013-10-24,11.98,12.2,11.74,11.68,7021697.0,105830296.0
2013-10-23,11.72,11.85,11.57,11.31,3708504.0,54143200.0
2013-10-22,11.92,12.01,11.73,11.68,3249570.0,48782928.0
2013-10-21,11.79,11.95,11.93,11.68,3425304.0,51419232.0
2013-10-18,11.91,11.93,11.74,11.64,1675069.0,24995370.0
2013-10-17,11.68,11.95,11.83,11.65,2910937.0,43514448.0
2013-10-16,11.97,11.98,11.6,11.46,3176377.0,47211288.0
2013-10-15,11.83,12.02,11.95,11.69,5269921.0,79242584.0
2013-10-14,11.52,11.77,11.72,11.44,4256850.0,62734008.0
2013-10-11,11.58,11.7,11.51,11.36,3292813.0,48047552.0
2013-10-10,11.61,11.8,11.57,11.49,2613031.0,38576560.0
2013-10-09,11.53,11.66,11.59,11.48,2569143.0,37570504.0
2013-10-08,11.19,11.65,11.61,11.15,3214553.0,46707240.0
2013-09-30,11.13,11.28,11.15,11.11,1050100.0,14868337.0
2013-09-27,11.09,11.2,11.13,11.07,888266.0,12523104.0
2013-09-26,11.19,11.24,11.1,11.1,1187320.0,16825518.0
2013-09-25,11.33,11.34,11.16,11.16,1538738.0,21894440.0
2013-09-24,11.46,11.51,11.34,11.29,1564393.0,22592258.0
2013-09-23,11.27,11.47,11.46,11.27,1188990.0,17185610.0
2013-09-18,11.15,11.25,11.21,11.11,911535.0,12938705.0
2013-09-17,11.36,11.44,11.16,11.14,2175175.0,31098812.0
2013-09-16,11.52,11.6,11.36,11.3,2020521.0,29285122.0
2013-09-13,11.44,11.55,11.52,11.36,1446968.0,20983386.0
2013-09-12,11.6,11.78,11.46,11.43,3121668.0,45640948.0
2013-09-11,11.76,11.85,11.68,11.56,3232562.0,47915168.0
2013-09-10,11.72,11.8,11.77,11.61,2143305.0,31815626.0
2013-09-09,11.72,12.01,11.7,11.66,3769280.0,56538192.0
2013-09-06,11.65,11.72,11.69,11.48,1853744.0,27306050.0
2013-09-05,11.68,11.79,11.68,11.62,1306458.0,19385602.0
2013-09-04,11.82,11.91,11.68,11.61,1634937.0,24269560.0
2013-09-03,11.52,11.81,11.81,11.49,2502598.0,36888136.0
2013-09-02,11.4,11.61,11.51,11.38,1148372.0,16733535.0
2013-08-30,11.65,11.81,11.44,11.42,2496594.0,36828812.0
2013-08-29,11.8,11.98,11.71,11.66,2145154.0,32050224.0
2013-08-28,12.1,12.11,11.8,11.8,2871072.0,43444024.0
2013-08-27,12.19,12.34,12.22,12.09,2743515.0,42400352.0
2013-08-26,11.9,12.27,12.25,11.8,3088009.0,47247164.0
2013-08-23,12.06,12.23,11.9,11.68,3569895.0,54357872.0
2013-08-22,11.83,12.18,12.02,11.78,3470681.0,53100532.0
2013-08-21,11.68,11.88,11.87,11.53,2470124.0,36746024.0
2013-08-20,12.02,12.13,11.73,11.66,4110598.0,61693896.0
2013-08-19,11.76,12.13,12.03,11.76,2084656.0,31722310.0
2013-08-16,12.06,12.26,11.85,11.76,3119030.0,47211780.0
2013-08-15,12.21,12.37,12.09,12.08,2120750.0,32834906.0
2013-08-14,12.47,12.62,12.17,12.12,2340294.0,36483436.0
2013-08-13,12.47,12.7,12.42,12.33,2281532.0,36100296.0
2013-08-12,12.37,12.81,12.47,12.37,4951720.0,79347424.0
2013-08-09,12.54,12.72,12.39,12.17,3692135.0,58127828.0
2013-08-08,12.23,12.66,12.66,12.1,4950418.0,77841144.0
2013-08-07,11.79,12.86,12.29,11.79,8496298.0,132870488.0
2013-08-06,11.87,11.97,11.76,11.7,4326673.0,64775604.0
2013-08-05,11.46,12.03,11.86,11.44,7064927.0,105349840.0
2013-08-02,11.15,11.69,11.44,11.15,8731353.0,127220776.0
2013-08-01,10.7,11.15,11.06,10.6,4560474.0,62975532.0
2013-07-31,10.56,10.84,10.54,10.51,2438464.0,32913524.0
2013-07-30,10.62,10.88,10.54,10.33,2526250.0,33813888.0
2013-07-29,10.88,10.88,10.69,10.64,1767564.0,24042906.0
2013-07-26,11.11,11.16,10.9,10.81,2088082.0,29007950.0
2013-07-25,11.35,11.43,11.18,11.16,2543352.0,36273200.0
2013-07-24,11.27,11.48,11.39,11.11,4173081.0,59636496.0
2013-07-23,10.89,11.33,11.29,10.85,3581729.0,50672904.0
2013-07-22,10.57,10.86,10.86,10.34,3181851.0,43097520.0
2013-07-19,11.04,11.1,10.64,10.64,3155803.0,43578528.0
2013-07-18,11.2,11.23,11.04,10.94,2432758.0,34060580.0
2013-07-17,11.44,11.56,11.24,11.23,2741420.0,39507388.0
2013-07-16,11.42,11.57,11.49,11.2,4319478.0,62284144.0
2013-07-15,11.05,11.38,11.38,11.05,3494453.0,49907104.0
2013-07-12,11.12,11.38,11.05,10.96,4442979.0,63034364.0
2013-07-11,10.59,11.25,11.11,10.59,5451644.0,75745904.0
2013-07-10,10.3,10.57,10.56,10.18,4926841.0,64701676.0
2013-07-09,10.81,11.52,10.33,10.26,6458271.0,86225352.0
2013-07-08,11.48,11.71,10.87,10.87,5559642.0,78840944.0
2013-07-05,11.87,11.94,11.71,11.64,3007546.0,45003788.0
2013-07-04,11.5,12.02,11.92,11.43,6937527.0,104069096.0
2013-07-03,11.44,11.52,11.52,11.18,4389289.0,63437600.0
2013-07-02,11.12,11.59,11.36,11.05,4461952.0,64163020.0
2013-07-01,10.75,11.16,11.14,10.65,2878449.0,40006672.0
2013-06-28,10.86,11.2,10.89,10.57,3921745.0,54662852.0
2013-06-27,11.26,11.65,10.94,10.91,3059971.0,44021600.0
2013-06-26,11.07,11.27,11.22,10.75,2635407.0,36834948.0
2013-06-25,11.05,11.35,11.03,10.19,4307690.0,58281628.0
2013-06-24,12.06,12.13,11.19,10.97,2504126.0,36250540.0
2013-06-21,12.0,12.23,12.02,11.76,1758869.0,26656628.0
2013-06-20,12.61,12.61,12.18,12.17,1940759.0,30363906.0
2013-06-19,13.26,13.26,12.63,12.6,4252101.0,69184712.0
2013-06-18,13.24,13.41,13.36,12.82,2729166.0,45326840.0
2013-06-17,13.03,13.38,13.18,13.02,3381948.0,56939456.0
2013-06-14,12.7,13.15,13.02,12.69,1777014.0,29250316.0
2013-06-13,12.62,12.84,12.77,12.23,1755629.0,27907140.0
2013-06-07,13.18,13.38,12.94,12.81,1811496.0,30038508.0
2013-06-06,13.13,13.4,13.17,13.06,1823842.0,30591702.0
2013-06-05,13.1,13.23,13.12,13.05,2088006.0,34710604.0
2013-06-04,13.62,13.66,13.12,12.96,3686751.0,61688044.0
2013-06-03,14.16,14.17,13.62,13.53,3465477.0,60323228.0
2013-05-31,14.39,14.4,14.17,13.96,4443161.0,79745800.0
2013-05-30,14.29,14.56,14.45,14.14,3809245.0,69334696.0
2013-05-29,13.8,14.43,14.29,13.72,4802779.0,86687640.0
2013-05-28,13.85,13.96,13.8,13.62,3323860.0,58042364.0
2013-05-27,13.72,13.89,13.72,13.6,2140861.0,48639160.0
2013-05-24,13.69,13.73,13.64,13.43,1748799.0,39334240.0
2013-05-23,13.48,13.84,13.54,13.39,2219721.0,50084824.0
2013-05-22,13.72,13.83,13.54,13.41,3062598.0,68827920.0
2013-05-21,13.47,13.76,13.68,13.26,3615481.0,81011664.0
2013-05-20,13.51,13.84,13.47,13.35,5098492.0,115038872.0
2013-05-17,12.9,13.48,13.41,12.79,5461738.0,119021416.0
2013-05-16,12.82,13.0,12.9,12.74,2325111.0,49487720.0
2013-05-15,12.33,13.22,12.8,12.33,3063695.0,65330628.0
2013-05-14,12.54,12.61,12.36,12.3,1189515.0,24364430.0
2013-05-13,12.55,12.66,12.61,12.31,2050814.0,42277336.0
2013-05-10,12.36,12.55,12.55,12.26,1435604.0,29416196.0
2013-05-09,12.48,12.63,12.36,12.28,1636784.0,33570456.0
2013-05-08,12.64,12.78,12.63,12.37,1143525.0,23729792.0
2013-05-07,12.71,12.79,12.58,12.45,1118489.0,23282346.0
2013-05-06,12.32,12.81,12.71,12.3,1393271.0,29169092.0
2013-05-03,12.19,12.5,12.33,12.15,1204055.0,24635216.0
2013-05-02,12.15,12.27,12.19,12.15,770823.0,15558580.0
2013-04-26,12.45,12.5,12.15,12.03,1164542.0,23490798.0
2013-04-25,12.39,12.63,12.48,12.22,2453784.0,50787232.0
2013-04-24,11.79,12.27,12.27,11.79,2063847.0,41402704.0
2013-04-23,12.07,12.07,11.58,11.51,1091363.0,21175986.0
2013-04-22,11.84,12.05,12.05,11.84,803986.0,15931871.0
2013-04-19,11.63,12.09,11.96,11.63,1417777.0,27845304.0
2013-04-18,11.67,11.69,11.62,11.53,898449.0,17273168.0
2013-04-17,11.75,11.81,11.71,11.59,804098.0,15504781.0
2013-04-16,11.35,11.77,11.69,11.28,559697.0,10700715.0
2013-04-15,11.24,11.6,11.35,11.24,362355.0,6875443.0
2013-04-12,11.7,11.7,11.46,11.43,749814.0,14304439.0
2013-04-11,11.96,12.01,11.7,11.66,817907.0,16018211.0
2013-04-10,11.69,11.96,11.89,11.39,1586931.0,30578580.0
2013-04-09,11.47,11.73,11.6,11.45,698461.0,13436618.0
2013-04-08,11.11,11.51,11.48,10.97,763939.0,14155499.0
2013-04-03,11.66,11.76,11.36,11.18,1029550.0,19456720.0
2013-04-02,12.03,12.2,11.63,11.6,1375162.0,27004228.0
2013-04-01,11.97,12.13,12.07,11.95,776560.0,15474551.0
2013-03-29,12.05,12.11,12.02,11.85,1108510.0,21946780.0
2013-03-28,13.3,13.35,12.05,12.05,4723845.0,96443936.0
2013-03-27,13.38,13.84,13.38,13.34,1574935.0,35305888.0
2013-03-26,13.17,13.38,13.38,13.0,1237169.0,26936638.0
2013-03-25,13.35,13.52,13.29,13.17,1006657.0,22098900.0
2013-03-22,13.51,13.63,13.47,13.37,1294487.0,28935070.0
2013-03-21,13.21,13.64,13.55,13.07,2576288.0,57230520.0
2013-03-20,12.87,13.26,13.19,12.69,1695942.0,36727852.0
2013-03-19,12.99,13.44,13.01,12.69,2265184.0,48966664.0
2013-03-18,13.11,13.32,12.73,12.69,1502956.0,32206832.0
2013-03-15,13.31,13.54,13.28,12.76,3692947.0,80912056.0
2013-03-14,12.56,13.14,13.14,12.42,2528355.0,53832856.0
2013-03-13,12.47,12.57,12.51,12.33,709182.0,14624763.0
2013-03-12,12.63,12.88,12.47,12.25,1353197.0,28039224.0
2013-03-11,12.51,12.74,12.68,12.38,890335.0,18624718.0
2013-03-08,12.75,12.79,12.52,12.38,1160480.0,24076576.0
2013-03-07,13.05,13.05,12.74,12.6,1199211.0,25287854.0
2013-03-06,12.85,13.14,13.03,12.69,1437779.0,30907928.0
2013-03-05,12.81,12.86,12.79,12.45,1810693.0,37911124.0
2013-03-04,13.32,13.32,12.83,12.63,2102650.0,44645600.0
2013-03-01,13.34,13.65,13.6,13.11,1629970.0,36143684.0
2013-02-28,13.32,13.41,13.32,12.76,2628834.0,56896156.0
2013-02-27,14.3,14.38,13.43,13.17,3705687.0,84035608.0
2013-02-26,14.28,14.38,14.32,14.1,1318996.0,31082892.0
2013-02-25,14.01,14.48,14.37,13.83,1601514.0,37823372.0
2013-02-22,13.83,13.89,13.84,13.57,1029846.0,23400452.0
2013-02-21,13.57,13.97,13.85,13.29,1971221.0,44637920.0
2013-02-20,13.49,13.78,13.78,13.34,1731477.0,38889496.0
2013-02-19,13.78,13.8,13.53,13.1,2382249.0,52915548.0
2013-02-18,13.96,14.17,13.76,13.66,1303522.0,29954194.0
2013-02-08,12.78,14.03,13.81,12.78,1856662.0,41296856.0
2013-02-07,12.51,12.82,12.78,12.5,934508.0,19646650.0
2013-02-06,12.42,12.68,12.61,12.4,809264.0,16869134.0
2013-02-05,12.15,12.44,12.4,11.99,441986.0,9010475.0
2013-02-04,12.44,12.73,12.22,12.09,1692957.0,34368840.0
2013-02-01,12.49,12.74,12.57,12.25,787070.0,16428683.0
2013-01-31,12.51,12.66,12.49,12.33,1012923.0,20909256.0
2013-01-30,12.85,12.87,12.65,12.45,1709230.0,35709456.0
2013-01-29,12.38,12.83,12.8,12.3,2729974.0,57377316.0
2013-01-28,11.55,12.24,12.21,11.55,1287192.0,25723528.0
2013-01-25,11.59,11.79,11.66,11.52,745267.0,14399287.0
2013-01-24,11.81,12.18,11.59,11.57,1322323.0,25880564.0
2013-01-23,11.71,12.26,11.84,11.69,1074264.0,21277336.0
2013-01-22,12.21,12.24,11.84,11.73,1005889.0,19887168.0
2013-01-21,12.13,12.25,12.21,12.09,802424.0,16179035.0
2013-01-18,11.9,12.18,12.13,11.84,997058.0,19920308.0
2013-01-17,12.01,12.07,11.88,11.83,611791.0,12054727.0
2013-01-16,12.09,12.18,12.01,11.84,1149374.0,22884046.0
2013-01-15,11.89,12.14,12.09,11.85,1811705.0,36190080.0
2013-01-14,11.41,11.88,11.83,11.31,1615342.0,31032900.0
2013-01-11,11.77,11.88,11.39,11.37,1255201.0,24147498.0
2013-01-10,11.78,12.07,11.73,11.72,923528.0,18120492.0
2013-01-09,11.84,11.96,11.84,11.67,1025404.0,20061336.0
2013-01-08,11.98,12.09,11.91,11.76,1342328.0,26532694.0
2013-01-07,11.76,12.05,11.98,11.55,1632909.0,32029922.0
2013-01-04,11.89,11.89,11.69,11.46,1157632.0,22262882.0
2012-12-31,11.6,12.01,11.73,11.6,1663265.0,32577130.0
2012-12-28,11.23,11.66,11.58,11.23,1089640.0,20768842.0
2012-12-27,11.61,11.78,11.38,11.35,1405775.0,26780908.0
2012-12-26,11.57,11.66,11.63,11.42,1492826.0,28524724.0
2012-12-25,11.37,11.7,11.54,11.22,3088480.0,58772716.0
2012-12-24,10.88,11.36,11.35,10.83,2591003.0,47893708.0
2012-12-21,10.74,11.11,10.88,10.7,1600642.0,28806032.0
2012-12-20,10.68,10.88,10.82,10.58,597106.0,10586104.0
2012-12-19,11.26,11.26,10.79,10.74,1233768.0,22227542.0
2012-12-18,10.73,11.16,10.86,10.62,1681778.0,30329636.0
2012-12-17,10.91,10.92,10.7,10.53,2038630.0,36180336.0
2012-12-14,10.37,10.85,10.78,10.31,1129579.0,19986080.0
2012-12-13,10.48,10.48,10.36,10.3,465020.0,7982854.0
2012-12-12,10.45,10.51,10.46,10.22,520675.0,8929455.0
2012-12-11,10.67,10.67,10.39,10.31,668757.0,11540138.0
2012-12-10,10.57,10.59,10.53,10.41,940203.0,16379048.0
2012-12-07,10.21,10.57,10.5,10.04,1372100.0,23714462.0
2012-12-06,10.05,10.31,10.07,10.03,552019.0,9262902.0
2012-12-05,9.49,10.41,10.04,9.37,1445132.0,24195904.0
2012-12-04,9.49,9.52,9.51,9.16,717842.0,11015075.0
2012-12-03,9.4,9.52,9.43,9.35,711086.0,11113918.0
2012-11-30,9.28,9.48,9.37,9.28,488308.0,7578534.0
2012-11-29,9.61,9.61,9.25,9.25,303168.0,4708504.0
2012-11-28,9.74,9.74,9.47,9.4,539359.0,8592055.0
2012-11-27,10.1,10.1,9.66,9.66,447245.0,7254214.0
2012-11-26,10.29,10.29,10.14,10.01,398865.0,6685589.0
2012-11-23,10.3,10.37,10.22,10.07,731179.0,12434157.0
2012-11-22,10.04,10.31,10.18,9.96,474930.0,8001649.0
2012-11-21,9.97,10.17,10.13,9.88,566000.0,9409848.0
2012-11-20,10.02,10.11,10.09,9.93,472813.0,7842065.0
2012-11-19,10.03,10.14,10.0,9.84,395933.0,6535258.0
2012-11-16,10.04,10.04,9.99,9.85,217711.0,3584292.0
2012-11-15,9.94,10.12,10.05,9.81,551052.0,9144331.0
2012-11-14,10.02,10.13,9.98,9.67,557576.0,9104396.0
2012-11-13,10.48,10.48,10.02,9.99,829602.0,13936292.0
2012-11-12,10.36,10.56,10.48,10.36,227629.0,3945175.0
2012-11-09,10.57,10.67,10.39,10.3,716260.0,12436032.0
2012-11-08,10.82,10.93,10.57,10.57,471925.0,8383835.0
2012-11-07,11.0,11.02,10.85,10.8,428009.0,7704503.0
2012-11-06,11.06,11.11,11.0,10.87,421920.0,7657009.0
2012-11-05,11.18,11.24,11.14,10.99,648584.0,11935798.0
2012-11-02,11.07,11.28,11.17,11.07,1191234.0,22030724.0
2012-11-01,10.76,11.13,11.04,10.73,835843.0,15247187.0
2012-10-31,10.82,10.82,10.76,10.63,317461.0,5629995.0
2012-10-30,10.8,10.96,10.82,10.8,537717.0,9652587.0
2012-10-29,10.87,10.94,10.88,10.76,586573.0,10542085.0
2012-10-26,10.57,10.92,10.89,10.51,1646335.0,29047560.0
2012-10-25,10.86,11.0,10.71,10.67,611229.0,10903425.0
2012-10-24,11.12,11.12,10.94,10.8,1089279.0,19794362.0
2012-10-23,11.35,11.38,11.16,11.06,500022.0,9303306.0
2012-10-22,11.35,11.46,11.35,11.19,551431.0,10306824.0
2012-10-19,11.28,11.47,11.42,11.21,1018871.0,19156994.0
2012-10-18,11.06,11.33,11.28,10.97,1638218.0,30185608.0
2012-10-17,11.3,11.3,11.12,10.51,3492319.0,62973576.0
2012-10-16,11.18,11.47,11.3,11.09,552791.0,10378730.0
2012-10-15,11.29,11.3,11.2,11.06,514092.0,9486830.0
2012-10-12,11.47,11.48,11.31,11.12,886964.0,16557936.0
2012-10-11,11.56,11.81,11.35,11.35,1083627.0,20727322.0
2012-10-10,11.66,11.66,11.66,11.42,1157887.0,22100540.0
2012-10-09,11.41,11.69,11.65,11.23,1403455.0,26856248.0
2012-10-08,11.15,11.41,11.29,11.06,1222716.0,22819968.0
2012-09-28,10.87,11.23,11.15,10.76,985384.0,18075510.0
2012-09-27,10.57,11.18,10.88,10.57,1276396.0,23021452.0
2012-09-26,11.01,11.09,10.6,10.51,898445.0,15939800.0
2012-09-25,10.85,11.4,11.0,10.82,1430895.0,26487296.0
2012-09-24,10.7,11.05,10.94,10.48,1272268.0,22726070.0
2012-09-21,10.88,11.03,10.76,10.74,1176978.0,21230994.0
2012-09-20,11.63,11.63,10.85,10.82,1829774.0,33642120.0
2012-09-19,11.48,11.6,11.54,11.31,784703.0,14892176.0
2012-09-18,11.67,11.69,11.43,11.31,1303231.0,24714732.0
2012-09-17,11.94,11.96,11.71,11.58,1139273.0,22130118.0
2012-09-14,11.79,12.01,11.93,11.56,2265584.0,44434516.0
2012-09-13,12.07,12.07,11.68,11.52,2772055.0,53976376.0
2012-09-12,11.9,12.15,12.09,11.82,2825234.0,56120904.0
2012-09-11,12.31,12.31,11.85,11.8,3285378.0,64862252.0
2012-09-10,12.67,12.96,12.21,12.15,8651812.0,178089216.0
2012-09-07,11.25,12.05,12.05,11.11,3793193.0,74366960.0
2012-09-06,10.67,10.97,10.96,10.67,722229.0,13025752.0
2012-09-05,10.5,10.73,10.67,10.42,478411.0,8415296.0
2012-09-04,10.77,10.79,10.53,10.51,915647.0,16135311.0
2012-09-03,10.27,10.79,10.76,10.27,1064817.0,18699924.0
2012-08-31,10.31,10.45,10.27,10.07,1001729.0,17002754.0
2012-08-30,10.79,10.79,10.3,10.13,1686323.0,29054030.0
2012-08-29,11.0,11.29,10.76,10.76,1101754.0,20094506.0
2012-08-28,10.92,11.12,11.08,10.71,780838.0,14113270.0
2012-08-27,11.0,11.0,10.88,10.81,601565.0,10839845.0
2012-08-24,11.48,11.53,11.01,10.99,1137873.0,21079770.0
2012-08-23,11.32,11.53,11.49,11.25,1088246.0,20568424.0
2012-08-22,11.47,11.52,11.34,11.27,1308958.0,24674950.0
2012-08-21,11.0,11.54,11.41,10.99,2792305.0,52276108.0
2012-08-20,10.6,11.04,10.97,10.52,878374.0,15761274.0
2012-08-17,10.58,10.76,10.73,10.55,934433.0,16417926.0
2012-08-16,10.88,10.91,10.57,10.5,1108135.0,19631796.0
2012-08-15,11.08,11.2,10.88,10.79,1040327.0,18803048.0
2012-08-14,10.8,11.11,11.11,10.7,1663764.0,30108660.0
2012-08-13,11.24,11.48,10.83,10.79,2015789.0,37277920.0
2012-08-10,11.06,11.35,11.24,11.0,1797528.0,33342602.0
2012-08-09,10.87,11.19,11.09,10.77,1779653.0,32500172.0
2012-08-08,10.87,10.89,10.83,10.68,724131.0,12945809.0
2012-08-07,10.88,10.91,10.87,10.67,1256513.0,22472816.0
2012-08-06,10.07,10.95,10.88,10.07,2012880.0,35499240.0
2012-08-03,10.08,10.21,10.18,9.92,836992.0,13952166.0
2012-08-02,9.91,10.13,9.96,9.87,534619.0,8852854.0
2012-08-01,9.72,10.16,9.96,9.72,793545.0,13134058.0
2012-07-31,10.04,10.05,9.72,9.67,914247.0,14927171.0
2012-07-30,10.52,10.53,9.81,9.76,2185446.0,36309916.0
2012-07-27,10.77,10.82,10.43,10.43,1280318.0,22420176.0
2012-07-26,10.73,10.99,10.77,10.7,1452596.0,26069026.0
2012-07-25,10.63,10.87,10.63,10.57,743610.0,13207959.0
2012-07-24,10.45,10.77,10.66,10.38,641884.0,11271542.0
2012-07-23,10.82,10.86,10.54,10.46,1063939.0,18729198.0
2012-07-20,10.54,10.93,10.87,10.53,1526274.0,27237208.0
2012-07-19,10.44,10.79,10.59,10.44,1242178.0,21942968.0
2012-07-18,10.29,10.53,10.46,10.24,853378.0,14690986.0
2012-07-17,10.12,10.5,10.45,9.93,928355.0,15798717.0
2012-07-16,10.62,10.85,10.24,10.15,1913501.0,33099914.0
2012-07-13,10.22,10.74,10.54,10.1,1811477.0,31729796.0
2012-07-12,9.98,10.29,10.27,9.75,1763014.0,29295724.0
2012-07-11,9.88,10.15,10.01,9.88,687331.0,11375213.0
2012-07-10,10.01,10.18,9.88,9.88,924088.0,15375649.0
2012-07-09,9.86,10.25,10.03,9.76,1757042.0,29253992.0
2012-07-06,9.55,9.96,9.9,9.52,1616509.0,25996664.0
2012-07-05,10.0,10.1,9.5,9.2,2805472.0,44389036.0
2012-07-04,10.58,10.71,10.16,10.13,1398573.0,31254822.0
2012-07-03,10.57,10.8,10.62,10.5,966907.0,22277450.0
2012-07-02,10.63,10.78,10.58,10.54,944558.0,21776632.0
2012-06-29,10.17,10.54,10.54,10.04,995071.0,22302578.0
2012-06-28,10.28,10.55,10.33,10.21,1333035.0,29960362.0
2012-06-27,10.13,10.33,10.08,10.04,1019108.0,22418364.0
2012-06-26,9.92,10.28,10.2,9.6,1793514.0,38421348.0
2012-06-25,10.96,11.01,10.02,9.99,2033085.0,46021176.0
2012-06-21,11.21,11.21,11.07,10.92,652522.0,15553796.0
2012-06-20,11.4,11.54,11.21,11.03,1298038.0,31515904.0
2012-06-19,11.22,11.61,11.4,11.22,1567055.0,38750236.0
2012-06-18,11.01,11.3,11.19,10.91,1487480.0,35777044.0
2012-06-15,11.23,11.23,10.97,10.77,1228102.0,29214516.0
2012-06-14,11.44,11.63,11.15,11.11,1446586.0,35542232.0
2012-06-13,11.3,11.49,11.44,11.15,1223032.0,30039386.0
2012-06-12,11.33,11.42,11.3,11.11,1008787.0,24552554.0
2012-06-11,11.05,11.39,11.39,10.79,1516066.0,36495576.0
2012-06-08,10.83,11.36,11.1,10.79,1924642.0,46044280.0
2012-06-07,10.74,10.95,10.71,10.64,1213630.0,28283582.0
2012-06-06,10.73,10.75,10.62,10.6,971630.0,22396422.0
2012-06-05,10.67,10.82,10.65,10.59,1733307.0,40062844.0
2012-06-04,11.08,11.1,10.57,10.56,2404605.0,56386392.0
2012-06-01,11.38,11.69,11.24,11.15,1341231.0,32984096.0
2012-05-31,11.06,11.34,11.32,11.02,1663517.0,40153724.0
2012-05-30,11.09,11.52,11.18,10.99,2065678.0,50453508.0
2012-05-29,11.1,11.24,11.12,10.93,2419426.0,58204084.0
2012-05-28,10.27,11.27,11.05,10.26,2832956.0,65920748.0
2012-05-25,10.5,10.54,10.32,10.14,1487640.0,33171222.0
2012-05-24,10.55,10.68,10.5,10.41,1236960.0,28135996.0
2012-05-23,10.35,10.59,10.59,10.22,1829936.0,41380240.0
2012-05-22,9.81,10.45,10.43,9.81,2224491.0,49446480.0
2012-05-18,9.88,9.97,9.73,9.67,713112.0,15085113.0
2012-05-17,9.79,10.03,9.98,9.73,641478.0,13736247.0
2012-05-16,9.85,10.06,9.78,9.76,852884.0,18309780.0
2012-05-15,9.76,9.92,9.91,9.61,739315.0,15567328.0
2012-05-14,10.06,10.06,9.81,9.77,764650.0,16336640.0
2012-05-11,9.88,10.06,9.95,9.81,741739.0,15963180.0
2012-05-10,9.94,10.07,9.9,9.67,1022186.0,21833944.0
2012-05-09,9.92,10.23,9.89,9.88,1160034.0,25178236.0
2012-05-08,10.13,10.25,9.97,9.95,1132402.0,24744990.0
2012-05-07,9.81,10.25,10.11,9.74,1618079.0,35234844.0
2012-05-04,9.53,9.88,9.86,9.38,1458258.0,30405374.0
2012-05-03,9.34,9.53,9.53,9.34,803118.0,16405680.0
2012-05-02,9.22,9.56,9.41,9.2,1091419.0,22117300.0
2012-04-27,9.11,9.21,9.11,9.1,668357.0,13214650.0
2012-04-26,9.53,9.58,9.15,9.14,1428203.0,28784206.0
2012-04-25,9.28,9.59,9.47,9.14,1068093.0,21593812.0
2012-04-24,9.41,9.6,9.31,9.02,1420639.0,28491008.0
2012-04-23,9.43,9.84,9.51,9.34,2198954.0,45763492.0
2012-04-20,9.46,9.88,9.43,9.39,2063886.0,43074828.0
2012-04-19,9.48,9.63,9.48,9.33,1591055.0,32548176.0
2012-04-18,9.06,9.71,9.6,9.01,3143238.0,63767336.0
2012-04-17,8.99,9.07,8.98,8.88,804402.0,15603020.0
2012-04-16,9.03,9.17,9.03,8.89,1037496.0,20228672.0
2012-04-13,9.3,9.41,9.09,9.08,1657238.0,33001506.0
2012-04-12,9.08,9.29,9.28,9.01,2030832.0,40357128.0
2012-04-11,9.02,9.19,9.06,8.95,1772932.0,34695908.0
2012-04-10,8.65,9.15,9.15,8.61,2761869.0,53009776.0
2012-04-09,8.62,8.89,8.79,8.51,1989720.0,37459876.0
2012-04-06,8.56,8.99,8.7,8.47,3097458.0,58035504.0
2012-04-05,7.75,8.2,8.2,7.64,943911.0,16446711.0
2012-03-30,7.41,7.53,7.46,7.35,399402.0,6425800.0
2012-03-29,7.67,7.67,7.42,7.4,635488.0,10309979.0
2012-03-28,8.03,8.05,7.71,7.7,556040.0,9361254.0
2012-03-27,8.01,8.08,8.0,7.97,436065.0,7557616.0
2012-03-26,8.0,8.13,7.96,7.91,480373.0,8304366.0
2012-03-23,8.56,8.56,8.07,8.05,1286189.0,22889640.0
2012-03-22,8.61,8.66,8.58,8.53,368893.0,6858317.0
2012-03-21,8.77,8.83,8.64,8.51,781421.0,14605697.0
2012-03-20,8.63,8.77,8.72,8.6,821799.0,15437653.0
2012-03-19,8.42,8.73,8.71,8.42,579451.0,10844654.0
2012-03-16,8.41,8.5,8.5,8.35,481346.0,8767629.0
2012-03-15,8.46,8.52,8.34,8.25,706512.0,12800481.0
2012-03-14,8.89,9.04,8.46,8.36,1265577.0,23828590.0
2012-03-13,8.73,8.86,8.86,8.72,535412.0,10183282.0
2012-03-12,8.78,8.88,8.77,8.69,799318.0,15168732.0
2012-03-09,8.47,8.73,8.73,8.4,1011215.0,18761364.0
2012-03-08,8.39,8.45,8.39,8.33,440948.0,7990837.0
2012-03-07,8.31,8.44,8.32,8.23,561723.0,10121497.0
2012-03-06,8.56,8.56,8.39,8.34,1192538.0,21645716.0
2012-03-05,8.6,8.69,8.6,8.56,933972.0,17416524.0
2012-03-02,8.4,8.59,8.59,8.4,605534.0,11177289.0
2012-03-01,8.36,8.5,8.4,8.36,729461.0,13287633.0
2012-02-29,8.53,8.55,8.4,8.4,703689.0,12889589.0
2012-02-28,8.62,8.67,8.55,8.49,1032763.0,19201692.0
2012-02-27,8.76,8.76,8.62,8.6,1140094.0,21393338.0
2012-02-24,8.37,8.78,8.69,8.32,1857850.0,34473180.0
2012-02-23,8.34,8.44,8.37,8.24,1116007.0,20162184.0
2012-02-22,8.1,8.4,8.39,8.09,1452721.0,26062392.0
2012-02-21,7.95,8.13,8.13,7.91,1048340.0,18169612.0
2012-02-20,7.87,8.08,7.95,7.86,2055526.0,35411324.0
2012-02-17,7.85,7.89,7.8,7.68,682348.0,11483792.0
2012-02-16,7.82,7.96,7.85,7.76,1139695.0,19372024.0
2012-02-15,7.78,7.9,7.83,7.68,1567381.0,26436116.0
2012-02-14,7.96,8.0,7.83,7.81,1184531.0,20201930.0
2012-02-13,7.72,8.03,7.99,7.68,1085888.0,18551852.0
2012-02-10,7.87,7.99,7.83,7.79,846665.0,14423799.0
2012-02-09,7.88,8.0,7.87,7.85,920011.0,15754507.0
2012-02-08,7.66,7.91,7.9,7.65,1134028.0,19138458.0
2012-02-07,7.75,7.81,7.7,7.62,957147.0,15940549.0
2012-02-06,7.68,7.94,7.84,7.65,1727590.0,29094748.0
2012-02-03,7.52,7.73,7.63,7.52,1485946.0,24555752.0
2012-02-02,7.4,7.54,7.52,7.31,1355477.0,21792092.0
2012-02-01,7.33,7.59,7.4,7.29,1544543.0,24943146.0
2012-01-31,7.43,7.62,7.4,7.29,1451678.0,23219630.0
2012-01-30,7.18,7.22,7.04,7.04,449401.0,6942215.0
2012-01-20,7.08,7.18,7.15,7.04,399587.0,6142742.0
2012-01-19,6.99,7.21,7.04,6.85,739270.0,11276082.0
2012-01-18,7.12,7.27,6.99,6.93,598140.0,9251463.0
2012-01-17,6.56,7.12,7.12,6.48,574731.0,8589551.0
2012-01-13,7.25,7.31,6.82,6.81,625528.0,9416878.0
2012-01-12,7.14,7.38,7.24,7.04,617675.0,9662968.0
2012-01-11,7.06,7.25,7.16,6.99,692567.0,10707067.0
2012-01-10,6.75,7.12,7.05,6.75,1121594.0,17023694.0
2012-01-09,6.47,6.78,6.75,6.33,536522.0,7710121.0
2012-01-06,6.49,6.63,6.48,6.17,972637.0,13330505.0
2012-01-05,7.25,7.28,6.55,6.55,820954.0,12005136.0
2012-01-04,7.54,7.72,7.28,7.27,283430.0,4564127.0
