,date,close
0,2010-01-04,3536.221
1,2010-01-05,3564.038
2,2010-01-06,3542.209
3,2010-01-07,3472.313
4,2010-01-08,3480.403
5,2010-01-11,3482.68
6,2010-01-12,3535.407
7,2010-01-13,3421.116
8,2010-01-14,3469.616
9,2010-01-15,3483.312
10,2010-01-18,3501.258
11,2010-01-19,3507.877
12,2010-01-20,3395.435
13,2010-01-21,3409.299
14,2010-01-22,3366.717
15,2010-01-25,3327.992
16,2010-01-26,3243.149
17,2010-01-27,3198.868
18,2010-01-28,3207.379
19,2010-01-29,3204.912
20,2010-02-01,3152.904
21,2010-02-02,3146.313
22,2010-02-03,3230.806
23,2010-02-04,3219.349
24,2010-02-05,3153.272
25,2010-02-08,3151.52
26,2010-02-09,3169.058
27,2010-02-10,3214.138
28,2010-02-11,3220.262
29,2010-02-12,3251.044
30,2010-02-22,3234.015
31,2010-02-23,3198.521
32,2010-02-24,3244.769
33,2010-02-25,3292.06
34,2010-02-26,3282.143
35,2010-03-01,3324.825
36,2010-03-02,3311.53
37,2010-03-03,3335.654
38,2010-03-04,3250.573
39,2010-03-05,3260.271
40,2010-03-08,3286.144
41,2010-03-09,3306.176
42,2010-03-10,3280.317
43,2010-03-11,3277.335
44,2010-03-12,3233.824
45,2010-03-15,3183.276
46,2010-03-16,3203.66
47,2010-03-17,3273.779
48,2010-03-18,3267.814
49,2010-03-19,3293.292
50,2010-03-22,3302.439
51,2010-03-23,3275.928
52,2010-03-24,3277.087
53,2010-03-25,3229.156
54,2010-03-26,3274.941
55,2010-03-29,3358.819
56,2010-03-30,3367.207
57,2010-03-31,3345.844
58,2010-04-01,3391.905
59,2010-04-02,3407.281
60,2010-04-06,3405.442
61,2010-04-07,3387.705
62,2010-04-08,3346.409
63,2010-04-09,3379.365
64,2010-04-12,3351.478
65,2010-04-13,3391.716
66,2010-04-14,3404.24
67,2010-04-15,3394.803
68,2010-04-16,3357.22
69,2010-04-19,3177.299
70,2010-04-20,3173.591
71,2010-04-21,3236.83
72,2010-04-22,3202.314
73,2010-04-23,3190.308
74,2010-04-26,3172.736
75,2010-04-27,3108.961
76,2010-04-28,3097.8
77,2010-04-29,3060.768
78,2010-04-30,3067.852
79,2010-05-04,3019.449
80,2010-05-05,3036.564
81,2010-05-06,2897.549
82,2010-05-07,2836.781
83,2010-05-10,2858.403
84,2010-05-11,2801.028
85,2010-05-12,2818.46
86,2010-05-13,2886.602
87,2010-05-14,2868.24
88,2010-05-17,2714.7
89,2010-05-18,2770.23
90,2010-05-19,2762.678
91,2010-05-20,2726.422
92,2010-05-21,2769.094
93,2010-05-24,2873.771
94,2010-05-25,2814.703
95,2010-05-26,2814.05
96,2010-05-27,2859.866
97,2010-05-28,2850.66
98,2010-05-31,2773.637
99,2010-06-01,2744.703
100,2010-06-02,2757.914
101,2010-06-03,2736.58
102,2010-06-04,2744.623
103,2010-06-07,2696.27
104,2010-06-08,2699.687
105,2010-06-09,2782.163
106,2010-06-10,2750.22
107,2010-06-11,2759.29
108,2010-06-17,2743.275
109,2010-06-18,2696.877
110,2010-06-21,2780.27
111,2010-06-22,2784.0
112,2010-06-23,2758.546
113,2010-06-24,2759.278
114,2010-06-25,2736.491
115,2010-06-28,2717.51
116,2010-06-29,2592.046
117,2010-06-30,2562.554
118,2010-07-01,2526.48
119,2010-07-02,2533.52
120,2010-07-05,2513.122
121,2010-07-06,2562.41
122,2010-07-07,2580.608
123,2010-07-08,2575.557
124,2010-07-09,2647.174
125,2010-07-12,2676.22
126,2010-07-13,2634.829
127,2010-07-14,2653.609
128,2010-07-15,2608.828
129,2010-07-16,2616.631
130,2010-07-19,2682.472
131,2010-07-20,2741.628
132,2010-07-21,2747.123
133,2010-07-22,2781.079
134,2010-07-23,2793.21
135,2010-07-26,2811.179
136,2010-07-27,2795.959
137,2010-07-28,2864.004
138,2010-07-29,2877.579
139,2010-07-30,2868.442
140,2010-08-02,2916.809
141,2010-08-03,2865.761
142,2010-08-04,2876.403
143,2010-08-05,2850.829
144,2010-08-06,2897.876
145,2010-08-09,2918.42
146,2010-08-10,2832.689
147,2010-08-11,2850.735
148,2010-08-12,2816.983
149,2010-08-13,2855.716
150,2010-08-16,2921.814
151,2010-08-17,2942.632
152,2010-08-18,2937.362
153,2010-08-19,2955.654
154,2010-08-20,2898.577
155,2010-08-23,2896.861
156,2010-08-24,2912.328
157,2010-08-25,2843.023
158,2010-08-26,2850.09
159,2010-08-27,2858.57
160,2010-08-30,2915.01
161,2010-08-31,2903.19
162,2010-09-01,2884.04
163,2010-09-02,2921.39
164,2010-09-03,2920.21
165,2010-09-06,2975.09
166,2010-09-07,2983.11
167,2010-09-08,2980.97
168,2010-09-09,2926.46
169,2010-09-10,2932.55
170,2010-09-13,2962.32
171,2010-09-14,2965.01
172,2010-09-15,2913.19
173,2010-09-16,2857.79
174,2010-09-17,2861.37
175,2010-09-20,2849.83
176,2010-09-21,2857.48
177,2010-09-27,2905.03
178,2010-09-28,2880.91
179,2010-09-29,2874.81
180,2010-09-30,2935.57
181,2010-10-08,3044.23
182,2010-10-11,3132.9
183,2010-10-12,3172.73
184,2010-10-13,3217.58
185,2010-10-14,3224.14
186,2010-10-15,3327.68
187,2010-10-18,3306.16
188,2010-10-19,3375.67
189,2010-10-20,3396.88
190,2010-10-21,3374.69
191,2010-10-22,3378.66
192,2010-10-25,3481.08
193,2010-10-26,3466.08
194,2010-10-27,3403.87
195,2010-10-28,3397.69
196,2010-10-29,3379.98
197,2010-11-01,3473.0
198,2010-11-02,3463.13
199,2010-11-03,3420.34
200,2010-11-04,3480.5
201,2010-11-05,3520.8
202,2010-11-08,3548.57
203,2010-11-09,3523.95
204,2010-11-10,3499.11
205,2010-11-11,3509.98
206,2010-11-12,3291.83
207,2010-11-15,3314.89
208,2010-11-16,3169.54
209,2010-11-17,3103.91
210,2010-11-18,3147.96
211,2010-11-19,3178.85
212,2010-11-22,3171.94
213,2010-11-23,3107.18
214,2010-11-24,3177.04
215,2010-11-25,3223.48
216,2010-11-26,3194.85
217,2010-11-29,3190.05
218,2010-11-30,3136.99
219,2010-12-01,3136.02
220,2010-12-02,3155.06
221,2010-12-03,3158.16
222,2010-12-06,3165.57
223,2010-12-07,3200.34
224,2010-12-08,3171.88
225,2010-12-09,3123.37
226,2010-12-10,3161.98
227,2010-12-13,3261.06
228,2010-12-14,3269.47
229,2010-12-15,3247.64
230,2010-12-16,3230.67
231,2010-12-17,3225.66
232,2010-12-20,3178.66
233,2010-12-21,3249.51
234,2010-12-22,3215.45
235,2010-12-23,3188.61
236,2010-12-24,3162.96
237,2010-12-27,3099.71
238,2010-12-28,3044.93
239,2010-12-29,3061.83
240,2010-12-30,3064.1
241,2010-12-31,3128.26
242,2011-01-04,3189.68
243,2011-01-05,3175.66
244,2011-01-06,3159.64
245,2011-01-07,3166.62
246,2011-01-10,3108.19
247,2011-01-11,3124.92
248,2011-01-12,3142.34
249,2011-01-13,3141.28
250,2011-01-14,3091.86
251,2011-01-17,2974.35
252,2011-01-18,2977.65
253,2011-01-19,3044.85
254,2011-01-20,2944.71
255,2011-01-21,2983.46
256,2011-01-24,2954.23
257,2011-01-25,2938.65
258,2011-01-26,2978.43
259,2011-01-27,3026.47
260,2011-01-28,3036.74
261,2011-01-31,3076.51
262,2011-02-01,3077.28
263,2011-02-09,3040.95
264,2011-02-10,3104.16
265,2011-02-11,3120.96
266,2011-02-14,3219.14
267,2011-02-15,3217.67
268,2011-02-16,3248.53
269,2011-02-17,3245.91
270,2011-02-18,3211.88
271,2011-02-21,3257.91
272,2011-02-22,3163.58
273,2011-02-23,3174.74
274,2011-02-24,3190.94
275,2011-02-25,3197.62
276,2011-02-28,3239.56
277,2011-03-01,3254.89
278,2011-03-02,3243.3
279,2011-03-03,3221.72
280,2011-03-04,3270.67
281,2011-03-07,3334.51
282,2011-03-08,3337.46
283,2011-03-09,3338.86
284,2011-03-10,3280.26
285,2011-03-11,3247.38
286,2011-03-14,3262.92
287,2011-03-15,3203.96
288,2011-03-16,3248.2
289,2011-03-17,3197.1
290,2011-03-18,3215.69
291,2011-03-21,3207.11
292,2011-03-22,3222.96
293,2011-03-23,3264.93
294,2011-03-24,3251.36
295,2011-03-25,3294.48
296,2011-03-28,3290.57
297,2011-03-29,3257.98
298,2011-03-30,3256.08
299,2011-03-31,3223.29
300,2011-04-01,3272.73
301,2011-04-06,3311.07
302,2011-04-07,3324.42
303,2011-04-08,3353.36
304,2011-04-11,3333.43
305,2011-04-12,3326.77
306,2011-04-13,3372.03
307,2011-04-14,3353.56
308,2011-04-15,3358.94
309,2011-04-18,3359.44
310,2011-04-19,3295.81
311,2011-04-20,3295.76
312,2011-04-21,3317.37
313,2011-04-22,3299.94
314,2011-04-25,3249.57
315,2011-04-26,3230.96
316,2011-04-27,3209.5
317,2011-04-28,3161.78
318,2011-04-29,3192.72
319,2011-05-03,3211.13
320,2011-05-04,3129.03
321,2011-05-05,3126.12
322,2011-05-06,3121.4
323,2011-05-09,3129.76
324,2011-05-10,3153.22
325,2011-05-11,3145.08
326,2011-05-12,3101.6
327,2011-05-13,3128.09
328,2011-05-16,3100.46
329,2011-05-17,3116.03
330,2011-05-18,3139.38
331,2011-05-19,3120.64
332,2011-05-20,3121.6
333,2011-05-23,3022.98
334,2011-05-24,3026.22
335,2011-05-25,2990.34
336,2011-05-26,2978.38
337,2011-05-27,2963.31
338,2011-05-30,2954.51
339,2011-05-31,3001.56
340,2011-06-01,3004.17
341,2011-06-02,2955.71
342,2011-06-03,2986.35
343,2011-06-07,3004.26
344,2011-06-08,3008.65
345,2011-06-09,2951.89
346,2011-06-10,2961.93
347,2011-06-13,2950.35
348,2011-06-14,2993.56
349,2011-06-15,2963.12
350,2011-06-16,2917.58
351,2011-06-17,2892.16
352,2011-06-20,2874.9
353,2011-06-21,2909.07
354,2011-06-22,2908.58
355,2011-06-23,2957.63
356,2011-06-24,3027.47
357,2011-06-27,3036.49
358,2011-06-28,3041.73
359,2011-06-29,3000.17
360,2011-06-30,3044.09
361,2011-07-01,3049.75
362,2011-07-04,3121.98
363,2011-07-05,3122.5
364,2011-07-06,3113.71
365,2011-07-07,3101.68
366,2011-07-08,3109.18
367,2011-07-11,3113.21
368,2011-07-12,3056.91
369,2011-07-13,3106.25
370,2011-07-14,3115.75
371,2011-07-15,3128.89
372,2011-07-18,3122.6
373,2011-07-19,3095.12
374,2011-07-20,3091.57
375,2011-07-21,3059.14
376,2011-07-22,3067.99
377,2011-07-25,2968.29
378,2011-07-26,2977.77
379,2011-07-27,3000.05
380,2011-07-28,2981.0
381,2011-07-29,2972.08
382,2011-08-01,2977.72
383,2011-08-02,2956.38
384,2011-08-03,2954.87
385,2011-08-04,2960.31
386,2011-08-05,2897.42
387,2011-08-08,2793.9
388,2011-08-09,2798.19
389,2011-08-10,2824.12
390,2011-08-11,2866.92
391,2011-08-12,2875.36
392,2011-08-15,2917.88
393,2011-08-16,2897.58
394,2011-08-17,2886.01
395,2011-08-18,2834.25
396,2011-08-19,2807.66
397,2011-08-22,2777.79
398,2011-08-23,2821.0
399,2011-08-24,2810.02
400,2011-08-25,2903.84
401,2011-08-26,2901.22
402,2011-08-29,2852.81
403,2011-08-30,2841.74
404,2011-08-31,2846.78
405,2011-09-01,2834.53
406,2011-09-02,2803.85
407,2011-09-05,2743.82
408,2011-09-06,2723.3
409,2011-09-07,2779.09
410,2011-09-08,2756.1
411,2011-09-09,2751.09
412,2011-09-13,2720.28
413,2011-09-14,2733.11
414,2011-09-15,2729.05
415,2011-09-16,2733.99
416,2011-09-19,2679.27
417,2011-09-20,2689.84
418,2011-09-21,2771.01
419,2011-09-22,2685.69
420,2011-09-23,2669.48
421,2011-09-26,2610.92
422,2011-09-27,2637.88
423,2011-09-28,2610.59
424,2011-09-29,2588.19
425,2011-09-30,2581.35
426,2011-10-10,2557.08
427,2011-10-11,2551.99
428,2011-10-12,2644.76
429,2011-10-13,2662.6
430,2011-10-14,2653.78
431,2011-10-17,2666.95
432,2011-10-18,2592.21
433,2011-10-19,2583.08
434,2011-10-20,2520.53
435,2011-10-21,2507.88
436,2011-10-24,2576.67
437,2011-10-25,2625.43
438,2011-10-26,2651.65
439,2011-10-27,2657.48
440,2011-10-28,2709.02
441,2011-10-31,2695.31
442,2011-11-01,2697.53
443,2011-11-02,2742.39
444,2011-11-03,2744.3
445,2011-11-04,2763.75
446,2011-11-07,2736.25
447,2011-11-08,2727.71
448,2011-11-09,2751.65
449,2011-11-10,2699.59
450,2011-11-11,2695.0
451,2011-11-14,2750.2
452,2011-11-15,2744.68
453,2011-11-16,2670.12
454,2011-11-17,2662.02
455,2011-11-18,2606.5
456,2011-11-21,2609.69
457,2011-11-22,2609.48
458,2011-11-23,2584.01
459,2011-11-24,2588.92
460,2011-11-25,2569.97
461,2011-11-28,2573.32
462,2011-11-29,2608.57
463,2011-11-30,2521.52
464,2011-12-01,2583.61
465,2011-12-02,2557.06
466,2011-12-05,2520.96
467,2011-12-06,2516.34
468,2011-12-07,2528.23
469,2011-12-08,2525.0
470,2011-12-09,2503.46
471,2011-12-12,2477.69
472,2011-12-13,2442.5
473,2011-12-14,2401.57
474,2011-12-15,2353.5
475,2011-12-16,2390.13
476,2011-12-19,2384.41
477,2011-12-20,2377.07
478,2011-12-21,2339.11
479,2011-12-22,2341.33
480,2011-12-23,2359.16
481,2011-12-26,2335.7
482,2011-12-27,2305.03
483,2011-12-28,2307.93
484,2011-12-29,2311.36
485,2011-12-30,2345.74
486,2012-01-04,2298.75
487,2012-01-05,2276.39
488,2012-01-06,2290.6
489,2012-01-09,2368.57
490,2012-01-10,2447.35
491,2012-01-11,2435.61
492,2012-01-12,2435.22
493,2012-01-13,2394.33
494,2012-01-16,2345.65
495,2012-01-17,2460.6
496,2012-01-18,2422.19
497,2012-01-19,2468.35
498,2012-01-20,2504.09
499,2012-01-30,2460.72
500,2012-01-31,2464.26
501,2012-02-01,2428.99
502,2012-02-02,2486.24
503,2012-02-03,2506.09
504,2012-02-06,2504.32
505,2012-02-07,2457.95
506,2012-02-08,2528.24
507,2012-02-09,2529.23
508,2012-02-10,2533.62
509,2012-02-13,2531.98
510,2012-02-14,2522.11
511,2012-02-15,2549.61
512,2012-02-16,2536.07
513,2012-02-17,2537.09
514,2012-02-20,2540.71
515,2012-02-21,2562.45
516,2012-02-22,2597.48
517,2012-02-23,2606.26
518,2012-02-24,2648.02
519,2012-02-27,2656.57
520,2012-02-28,2662.46
521,2012-02-29,2634.14
522,2012-03-01,2633.34
523,2012-03-02,2679.93
524,2012-03-05,2662.7
525,2012-03-06,2621.05
526,2012-03-07,2603.0
527,2012-03-08,2635.79
528,2012-03-09,2664.3
529,2012-03-12,2654.4
530,2012-03-13,2681.07
531,2012-03-14,2605.11
532,2012-03-15,2585.55
533,2012-03-16,2623.52
534,2012-03-19,2630.01
535,2012-03-20,2584.45
536,2012-03-21,2587.79
537,2012-03-22,2583.75
538,2012-03-23,2552.94
539,2012-03-26,2555.44
540,2012-03-27,2547.14
541,2012-03-28,2474.9
542,2012-03-29,2443.12
543,2012-03-30,2454.9
544,2012-04-05,2512.83
545,2012-04-06,2519.83
546,2012-04-09,2495.15
547,2012-04-10,2519.79
548,2012-04-11,2520.04
549,2012-04-12,2570.44
550,2012-04-13,2580.45
551,2012-04-16,2574.04
552,2012-04-17,2541.88
553,2012-04-18,2599.91
554,2012-04-19,2596.06
555,2012-04-20,2626.84
556,2012-04-23,2606.04
557,2012-04-24,2604.87
558,2012-04-25,2625.99
559,2012-04-26,2631.49
560,2012-04-27,2626.16
561,2012-05-02,2683.49
562,2012-05-03,2691.52
563,2012-05-04,2715.88
564,2012-05-07,2717.78
565,2012-05-08,2709.12
566,2012-05-09,2657.51
567,2012-05-10,2657.21
568,2012-05-11,2636.92
569,2012-05-14,2615.53
570,2012-05-15,2617.37
571,2012-05-16,2574.65
572,2012-05-17,2613.94
573,2012-05-18,2573.98
574,2012-05-21,2587.23
575,2012-05-22,2627.52
576,2012-05-23,2616.87
577,2012-05-24,2595.26
578,2012-05-25,2573.1
579,2012-05-28,2614.69
580,2012-05-29,2650.85
581,2012-05-30,2642.26
582,2012-05-31,2632.04
583,2012-06-01,2633.0
584,2012-06-04,2559.03
585,2012-06-05,2558.84
586,2012-06-06,2557.4
587,2012-06-07,2542.18
588,2012-06-08,2524.33
589,2012-06-11,2558.26
590,2012-06-12,2540.18
591,2012-06-13,2580.64
592,2012-06-14,2560.42
593,2012-06-15,2568.05
594,2012-06-18,2581.21
595,2012-06-19,2558.62
596,2012-06-20,2552.61
597,2012-06-21,2512.19
598,2012-06-25,2456.52
599,2012-06-26,2454.92
600,2012-06-27,2447.2
601,2012-06-28,2425.73
602,2012-06-29,2461.61
603,2012-07-02,2465.24
604,2012-07-03,2468.72
605,2012-07-04,2464.92
606,2012-07-05,2430.37
607,2012-07-06,2472.61
608,2012-07-09,2416.04
609,2012-07-10,2406.71
610,2012-07-11,2425.57
611,2012-07-12,2449.18
612,2012-07-13,2450.63
613,2012-07-16,2399.73
614,2012-07-17,2414.2
615,2012-07-18,2414.33
616,2012-07-19,2424.32
617,2012-07-20,2398.46
618,2012-07-23,2365.43
619,2012-07-24,2375.99
620,2012-07-25,2360.08
621,2012-07-26,2347.49
622,2012-07-27,2349.11
623,2012-07-30,2335.79
624,2012-07-31,2332.92
625,2012-08-01,2358.65
626,2012-08-02,2334.88
627,2012-08-03,2353.74
628,2012-08-06,2385.61
629,2012-08-07,2388.87
630,2012-08-08,2389.79
631,2012-08-09,2411.7
632,2012-08-10,2399.75
633,2012-08-13,2351.93
634,2012-08-14,2357.02
635,2012-08-15,2331.61
636,2012-08-16,2319.67
637,2012-08-17,2313.48
638,2012-08-20,2301.79
639,2012-08-21,2313.7
640,2012-08-22,2295.59
641,2012-08-23,2302.2
642,2012-08-24,2275.68
643,2012-08-27,2228.2
644,2012-08-28,2238.41
645,2012-08-29,2214.81
646,2012-08-30,2211.37
647,2012-08-31,2204.87
648,2012-09-03,2228.37
649,2012-09-04,2204.41
650,2012-09-05,2199.88
651,2012-09-06,2217.82
652,2012-09-07,2317.18
653,2012-09-10,2326.67
654,2012-09-11,2311.89
655,2012-09-12,2320.07
656,2012-09-13,2298.46
657,2012-09-14,2315.54
658,2012-09-17,2258.71
659,2012-09-18,2235.24
660,2012-09-19,2246.24
661,2012-09-20,2195.95
662,2012-09-21,2199.06
663,2012-09-24,2215.52
664,2012-09-25,2210.15
665,2012-09-26,2184.89
666,2012-09-27,2251.72
667,2012-09-28,2293.11
668,2012-10-08,2270.05
669,2012-10-09,2320.16
670,2012-10-10,2324.12
671,2012-10-11,2302.53
672,2012-10-12,2304.53
673,2012-10-15,2294.86
674,2012-10-16,2298.16
675,2012-10-17,2300.8
676,2012-10-18,2336.08
677,2012-10-19,2332.47
678,2012-10-22,2341.59
679,2012-10-23,2312.08
680,2012-10-24,2307.78
681,2012-10-25,2291.24
682,2012-10-26,2247.91
683,2012-10-29,2235.85
684,2012-10-30,2239.88
685,2012-10-31,2254.82
686,2012-11-01,2297.88
687,2012-11-02,2306.77
688,2012-11-05,2301.88
689,2012-11-06,2292.21
690,2012-11-07,2287.5
691,2012-11-08,2245.41
692,2012-11-09,2240.92
693,2012-11-12,2251.85
694,2012-11-13,2212.44
695,2012-11-14,2223.11
696,2012-11-15,2193.62
697,2012-11-16,2177.24
698,2012-11-19,2174.99
699,2012-11-20,2164.88
700,2012-11-21,2194.9
701,2012-11-22,2177.55
702,2012-11-23,2192.68
703,2012-11-26,2175.6
704,2012-11-27,2150.64
705,2012-11-28,2129.16
706,2012-11-29,2115.68
707,2012-11-30,2139.66
708,2012-12-03,2108.85
709,2012-12-04,2131.47
710,2012-12-05,2207.88
711,2012-12-06,2203.6
712,2012-12-07,2246.76
713,2012-12-10,2271.05
714,2012-12-11,2258.5
715,2012-12-12,2267.77
716,2012-12-13,2242.64
717,2012-12-14,2355.86
718,2012-12-17,2366.7
719,2012-12-18,2368.12
720,2012-12-19,2371.11
721,2012-12-20,2384.82
722,2012-12-21,2372.0
723,2012-12-24,2381.22
724,2012-12-25,2448.4
725,2012-12-26,2457.62
726,2012-12-27,2444.59
727,2012-12-28,2480.05
728,2012-12-31,2522.95
729,2013-01-04,2524.41
730,2013-01-07,2535.99
731,2013-01-08,2525.33
732,2013-01-09,2526.13
733,2013-01-10,2530.57
734,2013-01-11,2483.23
735,2013-01-14,2577.73
736,2013-01-15,2595.86
737,2013-01-16,2577.09
738,2013-01-17,2552.76
739,2013-01-18,2595.44
740,2013-01-21,2610.9
741,2013-01-22,2596.9
742,2013-01-23,2607.46
743,2013-01-24,2582.75
744,2013-01-25,2571.67
745,2013-01-28,2651.86
746,2013-01-29,2675.87
747,2013-01-30,2688.71
748,2013-01-31,2686.88
749,2013-02-01,2743.32
750,2013-02-04,2748.03
751,2013-02-05,2771.68
752,2013-02-06,2775.84
753,2013-02-07,2759.87
754,2013-02-08,2771.73
755,2013-02-18,2737.47
756,2013-02-19,2685.61
757,2013-02-20,2702.64
758,2013-02-21,2610.55
759,2013-02-22,2596.6
760,2013-02-25,2604.96
761,2013-02-26,2567.59
762,2013-02-27,2594.68
763,2013-02-28,2673.33
764,2013-03-01,2668.84
765,2013-03-04,2545.72
766,2013-03-05,2622.81
767,2013-03-06,2650.2
768,2013-03-07,2619.48
769,2013-03-08,2606.93
770,2013-03-11,2592.37
771,2013-03-12,2555.61
772,2013-03-13,2527.49
773,2013-03-14,2534.27
774,2013-03-15,2539.87
775,2013-03-18,2502.49
776,2013-03-19,2525.1
777,2013-03-20,2610.17
778,2013-03-21,2614.99
779,2013-03-22,2618.31
780,2013-03-25,2613.1
781,2013-03-26,2575.05
782,2013-03-27,2583.53
783,2013-03-28,2499.3
784,2013-03-29,2495.08
785,2013-04-01,2493.19
786,2013-04-02,2486.39
787,2013-04-03,2483.55
788,2013-04-08,2472.3
789,2013-04-09,2489.43
790,2013-04-10,2485.31
791,2013-04-11,2477.88
792,2013-04-12,2462.11
793,2013-04-15,2436.82
794,2013-04-16,2459.59
795,2013-04-17,2458.47
796,2013-04-18,2464.85
797,2013-04-19,2533.83
798,2013-04-22,2530.67
799,2013-04-23,2449.47
800,2013-04-24,2495.58
801,2013-04-25,2467.88
802,2013-04-26,2447.31
803,2013-05-02,2449.64
804,2013-05-03,2492.91
805,2013-05-06,2525.98
806,2013-05-07,2529.94
807,2013-05-08,2542.8
808,2013-05-09,2527.79
809,2013-05-10,2540.84
810,2013-05-13,2530.77
811,2013-05-14,2493.34
812,2013-05-15,2506.93
813,2013-05-16,2552.71
814,2013-05-17,2592.05
815,2013-05-20,2609.61
816,2013-05-21,2614.85
817,2013-05-22,2618.03
818,2013-05-23,2582.85
819,2013-05-24,2597.23
820,2013-05-27,2599.59
821,2013-05-28,2644.36
822,2013-05-29,2642.56
823,2013-05-30,2634.32
824,2013-05-31,2606.43
825,2013-06-03,2602.62
826,2013-06-04,2565.67
827,2013-06-05,2560.54
828,2013-06-06,2527.84
829,2013-06-07,2484.16
830,2013-06-13,2399.94
831,2013-06-14,2416.77
832,2013-06-17,2403.84
833,2013-06-18,2418.75
834,2013-06-19,2400.76
835,2013-06-20,2321.47
836,2013-06-21,2317.39
837,2013-06-24,2171.21
838,2013-06-25,2165.42
839,2013-06-26,2168.3
840,2013-06-27,2160.74
841,2013-06-28,2200.64
842,2013-07-01,2213.32
843,2013-07-02,2221.98
844,2013-07-03,2203.83
845,2013-07-04,2221.98
846,2013-07-05,2226.85
847,2013-07-08,2163.62
848,2013-07-09,2162.67
849,2013-07-10,2224.06
850,2013-07-11,2326.69
851,2013-07-12,2275.37
852,2013-07-15,2307.3
853,2013-07-16,2317.85
854,2013-07-17,2282.84
855,2013-07-18,2245.33
856,2013-07-19,2190.48
857,2013-07-22,2202.19
858,2013-07-23,2265.84
859,2013-07-24,2249.15
860,2013-07-25,2237.68
861,2013-07-26,2224.01
862,2013-07-29,2175.97
863,2013-07-30,2189.39
864,2013-07-31,2193.02
865,2013-08-01,2245.36
866,2013-08-02,2247.26
867,2013-08-05,2278.33
868,2013-08-06,2293.64
869,2013-08-07,2280.62
870,2013-08-08,2276.78
871,2013-08-09,2286.01
872,2013-08-12,2352.79
873,2013-08-13,2359.07
874,2013-08-14,2349.08
875,2013-08-15,2321.58
876,2013-08-16,2304.14
877,2013-08-19,2331.43
878,2013-08-20,2312.47
879,2013-08-21,2308.59
880,2013-08-22,2303.93
881,2013-08-23,2286.93
882,2013-08-26,2335.62
883,2013-08-27,2340.88
884,2013-08-28,2328.06
885,2013-08-29,2318.31
886,2013-08-30,2313.91
887,2013-09-02,2320.34
888,2013-09-03,2354.5
889,2013-09-04,2350.7
890,2013-09-05,2341.74
891,2013-09-06,2357.78
892,2013-09-09,2440.61
893,2013-09-10,2474.89
894,2013-09-11,2482.89
895,2013-09-12,2507.46
896,2013-09-13,2488.9
897,2013-09-16,2478.39
898,2013-09-17,2427.32
899,2013-09-18,2432.51
900,2013-09-23,2472.29
901,2013-09-24,2443.89
902,2013-09-25,2429.03
903,2013-09-26,2384.44
904,2013-09-27,2394.97
905,2013-09-30,2409.04
906,2013-10-08,2441.81
907,2013-10-09,2453.58
908,2013-10-10,2429.32
909,2013-10-11,2468.51
910,2013-10-14,2472.54
911,2013-10-15,2467.52
912,2013-10-16,2421.37
913,2013-10-17,2413.33
914,2013-10-18,2426.05
915,2013-10-21,2471.32
916,2013-10-22,2445.89
917,2013-10-23,2418.49
918,2013-10-24,2400.51
919,2013-10-25,2368.56
920,2013-10-28,2365.95
921,2013-10-29,2372.05
922,2013-10-30,2407.47
923,2013-10-31,2373.72
924,2013-11-01,2384.96
925,2013-11-04,2380.45
926,2013-11-05,2383.77
927,2013-11-06,2353.57
928,2013-11-07,2340.55
929,2013-11-08,2307.95
930,2013-11-11,2315.89
931,2013-11-12,2340.0
932,2013-11-13,2288.12
933,2013-11-14,2304.5
934,2013-11-15,2350.73
935,2013-11-18,2428.9
936,2013-11-19,2412.16
937,2013-11-20,2424.85
938,2013-11-21,2409.99
939,2013-11-22,2397.96
940,2013-11-25,2388.63
941,2013-11-26,2387.42
942,2013-11-27,2414.48
943,2013-11-28,2439.53
944,2013-11-29,2438.94
945,2013-12-02,2418.79
946,2013-12-03,2442.78
947,2013-12-04,2475.14
948,2013-12-05,2468.2
949,2013-12-06,2452.29
950,2013-12-09,2450.87
951,2013-12-10,2453.32
952,2013-12-11,2412.76
953,2013-12-12,2410.01
954,2013-12-13,2406.64
955,2013-12-16,2367.92
956,2013-12-17,2356.38
957,2013-12-18,2357.23
958,2013-12-19,2332.41
959,2013-12-20,2278.14
960,2013-12-23,2284.6
961,2013-12-24,2288.25
962,2013-12-25,2305.11
963,2013-12-26,2265.33
964,2013-12-27,2303.48
965,2013-12-30,2299.46
966,2013-12-31,2330.03
967,2014-01-02,2321.98
968,2014-01-03,2290.78
969,2014-01-06,2238.64
970,2014-01-07,2238.0
971,2014-01-08,2241.91
972,2014-01-09,2222.22
973,2014-01-10,2204.85
974,2014-01-13,2193.68
975,2014-01-14,2212.85
976,2014-01-15,2208.94
977,2014-01-16,2211.84
978,2014-01-17,2178.49
979,2014-01-20,2165.99
980,2014-01-21,2187.41
981,2014-01-22,2243.8
982,2014-01-23,2231.89
983,2014-01-24,2245.68
984,2014-01-27,2215.92
985,2014-01-28,2219.85
986,2014-01-29,2227.78
987,2014-01-30,2202.45
988,2014-02-07,2212.48
989,2014-02-10,2267.53
990,2014-02-11,2285.56
991,2014-02-12,2291.25
992,2014-02-13,2279.55
993,2014-02-14,2295.57
994,2014-02-17,2311.65
995,2014-02-18,2282.44
996,2014-02-19,2308.66
997,2014-02-20,2287.44
998,2014-02-21,2264.29
999,2014-02-24,2214.51
1000,2014-02-25,2157.91
1001,2014-02-26,2163.41
1002,2014-02-27,2154.11
1003,2014-02-28,2178.97
1004,2014-03-03,2190.37
1005,2014-03-04,2184.27
1006,2014-03-05,2163.98
1007,2014-03-06,2173.63
1008,2014-03-07,2168.36
1009,2014-03-10,2097.79
1010,2014-03-11,2108.66
1011,2014-03-12,2114.13
1012,2014-03-13,2140.33
1013,2014-03-14,2122.84
1014,2014-03-17,2143.04
1015,2014-03-18,2138.13
1016,2014-03-19,2120.87
1017,2014-03-20,2086.97
1018,2014-03-21,2158.8
1019,2014-03-24,2176.55
1020,2014-03-25,2174.44
1021,2014-03-26,2171.05
1022,2014-03-27,2155.71
1023,2014-03-28,2151.97
1024,2014-03-31,2146.3
1025,2014-04-01,2163.11
1026,2014-04-02,2180.73
1027,2014-04-03,2165.01
1028,2014-04-04,2185.47
1029,2014-04-08,2237.32
1030,2014-04-09,2238.62
1031,2014-04-10,2273.76
1032,2014-04-11,2270.67
1033,2014-04-14,2268.61
1034,2014-04-15,2229.46
1035,2014-04-16,2232.53
1036,2014-04-17,2224.8
1037,2014-04-18,2224.48
1038,2014-04-21,2187.25
1039,2014-04-22,2196.79
1040,2014-04-23,2193.95
1041,2014-04-24,2190.47
1042,2014-04-25,2167.83
1043,2014-04-28,2134.97
1044,2014-04-29,2158.47
1045,2014-04-30,2158.66
1046,2014-05-05,2156.47
1047,2014-05-06,2157.33
1048,2014-05-07,2137.32
1049,2014-05-08,2135.5
1050,2014-05-09,2133.91
1051,2014-05-12,2180.05
1052,2014-05-13,2174.85
1053,2014-05-14,2172.37
1054,2014-05-15,2144.08
1055,2014-05-16,2145.95
1056,2014-05-19,2115.14
1057,2014-05-20,2115.77
1058,2014-05-21,2135.91
1059,2014-05-22,2130.87
1060,2014-05-23,2148.41
1061,2014-05-26,2155.98
1062,2014-05-27,2147.28
1063,2014-05-28,2169.35
1064,2014-05-29,2155.16
1065,2014-05-30,2156.46
1066,2014-06-03,2149.92
1067,2014-06-04,2128.27
1068,2014-06-05,2150.6
1069,2014-06-06,2134.72
1070,2014-06-09,2134.28
1071,2014-06-10,2161.27
1072,2014-06-11,2160.77
1073,2014-06-12,2153.41
1074,2014-06-13,2176.24
1075,2014-06-16,2191.85
1076,2014-06-17,2169.67
1077,2014-06-18,2160.24
1078,2014-06-19,2126.91
1079,2014-06-20,2136.73
1080,2014-06-23,2134.11
1081,2014-06-24,2144.82
1082,2014-06-25,2133.37
1083,2014-06-26,2149.08
1084,2014-06-27,2150.26
1085,2014-06-30,2165.12
1086,2014-07-01,2164.56
1087,2014-07-02,2170.87
1088,2014-07-03,2180.19
1089,2014-07-04,2178.7
1090,2014-07-07,2176.29
1091,2014-07-08,2180.47
1092,2014-07-09,2148.71
1093,2014-07-10,2142.85
1094,2014-07-11,2148.01
1095,2014-07-14,2171.76
1096,2014-07-15,2174.98
1097,2014-07-16,2170.87
1098,2014-07-17,2157.07
1099,2014-07-18,2164.14
1100,2014-07-21,2166.29
1101,2014-07-22,2192.7
1102,2014-07-23,2197.83
1103,2014-07-24,2237.01
1104,2014-07-25,2260.45
1105,2014-07-28,2323.9
1106,2014-07-29,2331.37
1107,2014-07-30,2322.01
1108,2014-07-31,2350.25
1109,2014-08-01,2329.4
1110,2014-08-04,2375.62
1111,2014-08-05,2369.35
1112,2014-08-06,2363.22
1113,2014-08-07,2327.46
1114,2014-08-08,2331.13
1115,2014-08-11,2365.35
1116,2014-08-12,2357.05
1117,2014-08-13,2358.9
1118,2014-08-14,2335.95
1119,2014-08-15,2360.64
1120,2014-08-18,2374.56
1121,2014-08-19,2374.77
1122,2014-08-20,2366.14
1123,2014-08-21,2354.24
1124,2014-08-22,2365.36
1125,2014-08-25,2342.86
1126,2014-08-26,2324.09
1127,2014-08-27,2327.59
1128,2014-08-28,2311.28
1129,2014-08-29,2338.29
1130,2014-09-01,2355.32
1131,2014-09-02,2386.46
1132,2014-09-03,2408.84
1133,2014-09-04,2426.22
1134,2014-09-05,2449.26
1135,2014-09-09,2445.22
1136,2014-09-10,2432.43
1137,2014-09-11,2423.45
1138,2014-09-12,2438.36
1139,2014-09-15,2437.19
1140,2014-09-16,2388.76
1141,2014-09-17,2401.33
1142,2014-09-18,2408.66
1143,2014-09-19,2425.21
1144,2014-09-22,2378.92
1145,2014-09-23,2399.46
1146,2014-09-24,2441.86
1147,2014-09-25,2436.97
1148,2014-09-26,2437.2
1149,2014-09-29,2447.8
1150,2014-09-30,2450.99
1151,2014-10-08,2478.38
1152,2014-10-09,2481.96
1153,2014-10-10,2466.79
1154,2014-10-13,2454.95
1155,2014-10-14,2446.56
1156,2014-10-15,2463.87
1157,2014-10-16,2444.4
1158,2014-10-17,2441.73
1159,2014-10-20,2454.71
1160,2014-10-21,2433.39
1161,2014-10-22,2418.64
1162,2014-10-23,2395.94
1163,2014-10-24,2390.71
1164,2014-10-27,2368.83
1165,2014-10-28,2416.65
1166,2014-10-29,2451.38
1167,2014-10-30,2468.93
1168,2014-10-31,2508.32
1169,2014-11-03,2512.55
1170,2014-11-04,2513.17
1171,2014-11-05,2503.45
1172,2014-11-06,2506.07
1173,2014-11-07,2502.15
1174,2014-11-10,2565.73
1175,2014-11-11,2558.61
1176,2014-11-12,2594.32
1177,2014-11-13,2579.75
1178,2014-11-14,2581.09
1179,2014-11-17,2567.1
1180,2014-11-18,2541.42
1181,2014-11-19,2537.22
1182,2014-11-20,2537.1
1183,2014-11-21,2583.46
1184,2014-11-24,2649.26
1185,2014-11-25,2685.56
1186,2014-11-26,2723.02
1187,2014-11-27,2754.49
1188,2014-11-28,2808.82
1189,2014-12-01,2819.81
1190,2014-12-02,2923.94
1191,2014-12-03,2967.55
1192,2014-12-04,3104.35
1193,2014-12-05,3124.89
1194,2014-12-08,3252.88
1195,2014-12-09,3106.91
1196,2014-12-10,3221.55
1197,2014-12-11,3183.01
1198,2014-12-12,3193.23
1199,2014-12-15,3217.23
1200,2014-12-16,3303.4
1201,2014-12-17,3360.6
1202,2014-12-18,3345.93
1203,2014-12-19,3383.17
1204,2014-12-22,3394.48
1205,2014-12-23,3324.92
1206,2014-12-24,3230.39
1207,2014-12-25,3335.42
1208,2014-12-26,3445.84
1209,2014-12-29,3455.46
1210,2014-12-30,3457.55
1211,2014-12-31,3533.71
1212,2015-01-05,3641.54
1213,2015-01-06,3641.06
1214,2015-01-07,3643.79
1215,2015-01-08,3559.26
1216,2015-01-09,3546.72
1217,2015-01-12,3513.58
1218,2015-01-13,3514.04
1219,2015-01-14,3502.42
1220,2015-01-15,3604.12
1221,2015-01-16,3635.15
1222,2015-01-19,3355.16
1223,2015-01-20,3396.22
1224,2015-01-21,3548.89
1225,2015-01-22,3567.61
1226,2015-01-23,3571.73
1227,2015-01-26,3607.99
1228,2015-01-27,3574.93
1229,2015-01-28,3525.32
1230,2015-01-29,3481.8
1231,2015-01-30,3434.39
1232,2015-02-02,3353.96
1233,2015-02-03,3437.45
1234,2015-02-04,3401.77
1235,2015-02-05,3366.95
1236,2015-02-06,3312.42
1237,2015-02-09,3345.92
1238,2015-02-10,3406.94
1239,2015-02-11,3434.12
1240,2015-02-12,3442.87
1241,2015-02-13,3469.83
1242,2015-02-16,3499.48
1243,2015-02-17,3522.32
1244,2015-02-25,3478.73
1245,2015-02-26,3566.29
1246,2015-02-27,3572.84
1247,2015-03-02,3601.26
1248,2015-03-03,3507.9
1249,2015-03-04,3530.82
1250,2015-03-05,3496.34
1251,2015-03-06,3478.52
1252,2015-03-09,3537.75
1253,2015-03-10,3520.61
1254,2015-03-11,3524.65
1255,2015-03-12,3592.84
1256,2015-03-13,3617.66
1257,2015-03-16,3705.67
1258,2015-03-17,3757.12
1259,2015-03-18,3846.05
1260,2015-03-19,3839.74
1261,2015-03-20,3892.57
1262,2015-03-23,3972.06
1263,2015-03-24,3973.05
1264,2015-03-25,3940.41
1265,2015-03-26,3950.0
1266,2015-03-27,3971.697
1267,2015-03-30,4088.18
1268,2015-03-31,4051.2
1269,2015-04-01,4123.9
1270,2015-04-02,4124.78
1271,2015-04-03,4170.54
1272,2015-04-07,4260.04
1273,2015-04-08,4295.8
1274,2015-04-09,4262.14
1275,2015-04-10,4344.42
1276,2015-04-13,4421.07
1277,2015-04-14,4438.18
1278,2015-04-15,4380.51
1279,2015-04-16,4513.55
1280,2015-04-17,4596.14
1281,2015-04-20,4521.92
1282,2015-04-21,4619.16
1283,2015-04-22,4739.81
1284,2015-04-23,4740.89
1285,2015-04-24,4702.64
1286,2015-04-27,4807.59
1287,2015-04-28,4741.86
1288,2015-04-29,4774.33
1289,2015-04-30,4749.89
1290,2015-05-04,4787.74
1291,2015-05-05,4596.84
1292,2015-05-06,4553.33
1293,2015-05-07,4470.09
1294,2015-05-08,4558.4
1295,2015-05-11,4690.53
1296,2015-05-12,4747.42
1297,2015-05-13,4718.44
1298,2015-05-14,4700.78
1299,2015-05-15,4617.47
1300,2015-05-18,4575.14
1301,2015-05-19,4731.22
1302,2015-05-20,4754.92
1303,2015-05-21,4840.98
1304,2015-05-22,4951.33
1305,2015-05-25,5099.5
1306,2015-05-26,5198.92
1307,2015-05-27,5181.43
1308,2015-05-28,4834.01
1309,2015-05-29,4840.83
1310,2015-06-01,5076.18
1311,2015-06-02,5161.87
1312,2015-06-03,5143.59
1313,2015-06-04,5181.42
1314,2015-06-05,5230.55
1315,2015-06-08,5353.75
1316,2015-06-09,5317.46
1317,2015-06-10,5309.11
1318,2015-06-11,5306.59
1319,2015-06-12,5335.12
1320,2015-06-15,5221.17
1321,2015-06-16,5064.82
1322,2015-06-17,5138.83
1323,2015-06-18,4930.55
1324,2015-06-19,4637.05
1325,2015-06-23,4786.09
1326,2015-06-24,4880.13
1327,2015-06-25,4706.52
1328,2015-06-26,4336.19
1329,2015-06-29,4191.55
1330,2015-06-30,4473.0
1331,2015-07-01,4253.02
1332,2015-07-02,4108.0
1333,2015-07-03,3885.92
1334,2015-07-06,3998.54
1335,2015-07-07,3928.0
1336,2015-07-08,3663.04
1337,2015-07-09,3897.63
1338,2015-07-10,4106.56
1339,2015-07-13,4211.81
1340,2015-07-14,4112.15
1341,2015-07-15,3966.76
1342,2015-07-16,3997.36
1343,2015-07-17,4151.5
1344,2015-07-20,4160.61
1345,2015-07-21,4166.01
1346,2015-07-22,4157.16
1347,2015-07-23,4250.81
1348,2015-07-24,4176.28
1349,2015-07-27,3818.73
1350,2015-07-28,3811.09
1351,2015-07-29,3930.38
1352,2015-07-30,3815.41
1353,2015-07-31,3816.7
1354,2015-08-03,3829.24
1355,2015-08-04,3948.16
1356,2015-08-05,3866.9
1357,2015-08-06,3831.85
1358,2015-08-07,3906.95
1359,2015-08-10,4084.36
1360,2015-08-11,4066.67
1361,2015-08-12,4016.13
1362,2015-08-13,4075.46
1363,2015-08-14,4073.54
1364,2015-08-17,4077.87
1365,2015-08-18,3825.41
1366,2015-08-19,3886.14
1367,2015-08-20,3761.45
1368,2015-08-21,3589.54
1369,2015-08-24,3275.53
1370,2015-08-25,3042.93
1371,2015-08-26,3025.69
1372,2015-08-27,3205.64
1373,2015-08-28,3342.29
1374,2015-08-31,3366.54
1375,2015-09-01,3362.08
1376,2015-09-02,3365.83
1377,2015-09-07,3250.49
1378,2015-09-08,3334.02
1379,2015-09-09,3399.3
1380,2015-09-10,3357.56
1381,2015-09-11,3347.19
1382,2015-09-14,3281.13
1383,2015-09-15,3152.23
1384,2015-09-16,3309.25
1385,2015-09-17,3237.0
1386,2015-09-18,3251.27
1387,2015-09-21,3308.25
1388,2015-09-22,3339.03
1389,2015-09-23,3263.03
1390,2015-09-24,3285.0
1391,2015-09-25,3231.95
1392,2015-09-28,3242.75
1393,2015-09-29,3178.85
1394,2015-09-30,3202.95
1395,2015-10-08,3296.48
1396,2015-10-09,3340.12
1397,2015-10-12,3447.69
1398,2015-10-13,3445.04
1399,2015-10-14,3406.11
1400,2015-10-15,3486.81
1401,2015-10-16,3534.06
1402,2015-10-19,3534.18
1403,2015-10-20,3577.7
1404,2015-10-21,3473.25
1405,2015-10-22,3524.53
1406,2015-10-23,3571.24
1407,2015-10-26,3589.26
1408,2015-10-27,3592.88
1409,2015-10-28,3524.92
1410,2015-10-29,3533.31
1411,2015-10-30,3534.08
1412,2015-11-02,3475.96
1413,2015-11-03,3465.49
1414,2015-11-04,3628.54
1415,2015-11-05,3705.97
1416,2015-11-06,3793.37
1417,2015-11-09,3840.35
1418,2015-11-10,3833.24
1419,2015-11-11,3833.65
1420,2015-11-12,3795.32
1421,2015-11-13,3746.24
1422,2015-11-16,3764.13
1423,2015-11-17,3758.39
1424,2015-11-18,3715.58
1425,2015-11-19,3774.97
1426,2015-11-20,3774.38
1427,2015-11-23,3753.33
1428,2015-11-24,3753.89
1429,2015-11-25,3781.61
1430,2015-11-26,3759.43
1431,2015-11-27,3556.99
1432,2015-11-30,3566.41
1433,2015-12-01,3591.7
1434,2015-12-02,3721.96
1435,2015-12-03,3749.3
1436,2015-12-04,3677.59
1437,2015-12-07,3687.61
1438,2015-12-08,3623.02
1439,2015-12-09,3635.94
1440,2015-12-10,3623.08
1441,2015-12-11,3608.06
1442,2015-12-14,3711.32
1443,2015-12-15,3694.39
1444,2015-12-16,3685.44
1445,2015-12-17,3755.89
1446,2015-12-18,3767.91
1447,2015-12-21,3865.97
1448,2015-12-22,3876.73
1449,2015-12-23,3866.38
1450,2015-12-24,3829.4
1451,2015-12-25,3838.2
1452,2015-12-28,3727.63
1453,2015-12-29,3761.88
1454,2015-12-30,3765.18
1455,2015-12-31,3731.0
1456,2016-01-04,3470.41
1457,2016-01-05,3478.78
1458,2016-01-06,3539.81
1459,2016-01-07,3294.38
1460,2016-01-08,3361.56
1461,2016-01-11,3192.45
1462,2016-01-12,3215.71
1463,2016-01-13,3155.88
1464,2016-01-14,3221.57
1465,2016-01-15,3118.73
1466,2016-01-18,3130.73
1467,2016-01-19,3223.12
1468,2016-01-20,3174.38
1469,2016-01-21,3081.34
1470,2016-01-22,3113.46
1471,2016-01-25,3128.89
1472,2016-01-26,2940.51
1473,2016-01-27,2930.35
1474,2016-01-28,2853.76
1475,2016-01-29,2946.09
1476,2016-02-01,2901.05
1477,2016-02-02,2961.33
1478,2016-02-03,2948.64
1479,2016-02-04,2984.76
1480,2016-02-05,2963.79
1481,2016-02-15,2946.71
1482,2016-02-16,3037.03
1483,2016-02-17,3063.32
1484,2016-02-18,3053.7
1485,2016-02-19,3051.58
1486,2016-02-22,3118.87
1487,2016-02-23,3089.36
1488,2016-02-24,3109.54
1489,2016-02-25,2918.75
1490,2016-02-26,2948.03
1491,2016-02-29,2877.47
1492,2016-03-01,2930.69
1493,2016-03-02,3051.33
1494,2016-03-03,3058.42
1495,2016-03-04,3093.89
1496,2016-03-07,3104.84
1497,2016-03-08,3107.67
1498,2016-03-09,3071.91
1499,2016-03-10,3013.15
1500,2016-03-11,3018.28
1501,2016-03-14,3065.69
1502,2016-03-15,3074.78
1503,2016-03-16,3090.03
1504,2016-03-17,3124.2
1505,2016-03-18,3171.96
1506,2016-03-21,3249.44
1507,2016-03-22,3225.79
1508,2016-03-23,3236.09
1509,2016-03-24,3181.85
1510,2016-03-25,3197.82
1511,2016-03-28,3169.73
1512,2016-03-29,3135.41
1513,2016-03-30,3216.27
1514,2016-03-31,3218.09
1515,2016-04-01,3221.9
1516,2016-04-05,3264.49
1517,2016-04-06,3257.53
1518,2016-04-07,3209.29
1519,2016-04-08,3185.73
1520,2016-04-11,3230.1
1521,2016-04-12,3218.45
1522,2016-04-13,3261.38
1523,2016-04-14,3275.83
1524,2016-04-15,3272.21
1525,2016-04-18,3228.45
1526,2016-04-19,3238.3
1527,2016-04-20,3181.03
1528,2016-04-21,3160.6
1529,2016-04-22,3174.9
1530,2016-04-25,3162.03
1531,2016-04-26,3179.16
1532,2016-04-27,3165.92
1533,2016-04-28,3160.58
1534,2016-04-29,3156.75
1535,2016-05-03,3213.54
1536,2016-05-04,3209.46
1537,2016-05-05,3213.92
1538,2016-05-06,3130.35
1539,2016-05-09,3065.61
1540,2016-05-10,3069.11
1541,2016-05-11,3082.81
1542,2016-05-12,3090.14
1543,2016-05-13,3074.94
1544,2016-05-16,3095.31
1545,2016-05-17,3086.02
1546,2016-05-18,3068.03
1547,2016-05-19,3062.5
1548,2016-05-20,3078.22
1549,2016-05-23,3087.22
1550,2016-05-24,3063.55
1551,2016-05-25,3059.23
1552,2016-05-26,3064.21
1553,2016-05-27,3062.5
1554,2016-05-30,3066.71
1555,2016-05-31,3169.56
1556,2016-06-01,3160.55
1557,2016-06-02,3167.1
1558,2016-06-03,3189.32
1559,2016-06-06,3178.79
1560,2016-06-07,3177.05
1561,2016-06-08,3163.99
1562,2016-06-13,3066.34
1563,2016-06-14,3075.98
1564,2016-06-15,3116.37
1565,2016-06-16,3094.67
1566,2016-06-17,3110.36
1567,2016-06-20,3112.67
1568,2016-06-21,3106.32
1569,2016-06-22,3133.96
1570,2016-06-23,3117.32
1571,2016-06-24,3077.16
1572,2016-06-27,3120.54
1573,2016-06-28,3136.4
1574,2016-06-29,3151.39
1575,2016-06-30,3153.92
1576,2016-07-01,3154.2
1577,2016-07-04,3204.7
1578,2016-07-05,3207.38
1579,2016-07-06,3216.8
1580,2016-07-07,3209.95
1581,2016-07-08,3192.28
1582,2016-07-11,3203.33
1583,2016-07-12,3273.18
1584,2016-07-13,3282.87
1585,2016-07-14,3276.76
1586,2016-07-15,3276.28
1587,2016-07-18,3262.02
1588,2016-07-19,3248.23
1589,2016-07-20,3237.6
1590,2016-07-21,3252.52
1591,2016-07-22,3225.16
1592,2016-07-25,3230.89
1593,2016-07-26,3269.59
1594,2016-07-27,3218.24
1595,2016-07-28,3221.14
1596,2016-07-29,3203.93
1597,2016-08-01,3176.81
1598,2016-08-02,3189.05
1599,2016-08-03,3193.51
1600,2016-08-04,3201.29
1601,2016-08-05,3205.11
1602,2016-08-08,3234.18
1603,2016-08-09,3256.98
1604,2016-08-10,3243.34
1605,2016-08-11,3233.36
1606,2016-08-12,3294.23
1607,2016-08-15,3393.42
1608,2016-08-16,3378.25
1609,2016-08-17,3373.05
1610,2016-08-18,3364.49
1611,2016-08-19,3365.02
1612,2016-08-22,3336.79
1613,2016-08-23,3341.83
1614,2016-08-24,3329.86
1615,2016-08-25,3308.97
1616,2016-08-26,3307.09
1617,2016-08-29,3307.78
1618,2016-08-30,3311.99
1619,2016-08-31,3327.79
1620,2016-09-01,3301.58
1621,2016-09-02,3314.11
1622,2016-09-05,3319.68
1623,2016-09-06,3342.62
1624,2016-09-07,3340.82
1625,2016-09-08,3339.56
1626,2016-09-09,3318.04
1627,2016-09-12,3262.6
1628,2016-09-13,3260.33
1629,2016-09-14,3238.73
1630,2016-09-19,3263.12
1631,2016-09-20,3257.4
1632,2016-09-21,3266.64
1633,2016-09-22,3291.12
1634,2016-09-23,3275.67
1635,2016-09-26,3220.28
1636,2016-09-27,3240.75
1637,2016-09-28,3230.89
1638,2016-09-29,3244.39
1639,2016-09-30,3253.28
1640,2016-10-10,3293.87
1641,2016-10-11,3306.56
1642,2016-10-12,3300.01
1643,2016-10-13,3302.65
1644,2016-10-14,3305.85
1645,2016-10-17,3277.88
1646,2016-10-18,3321.33
1647,2016-10-19,3316.24
1648,2016-10-20,3318.6
1649,2016-10-21,3327.74
1650,2016-10-24,3367.58
1651,2016-10-25,3367.45
1652,2016-10-26,3354.8
1653,2016-10-27,3345.7
1654,2016-10-28,3340.13
1655,2016-10-31,3336.28
1656,2016-11-01,3359.05
1657,2016-11-02,3333.35
1658,2016-11-03,3365.08
1659,2016-11-04,3354.17
1660,2016-11-07,3356.59
1661,2016-11-08,3371.12
1662,2016-11-09,3353.05
1663,2016-11-10,3390.61
1664,2016-11-11,3417.22
1665,2016-11-14,3430.25
1666,2016-11-15,3429.87
1667,2016-11-16,3429.59
1668,2016-11-17,3436.53
1669,2016-11-18,3417.46
1670,2016-11-21,3441.11
1671,2016-11-22,3468.36
1672,2016-11-23,3474.73
1673,2016-11-24,3488.74
1674,2016-11-25,3521.3
1675,2016-11-28,3535.08
1676,2016-11-29,3564.04
1677,2016-11-30,3538.0
1678,2016-12-01,3565.04
1679,2016-12-02,3528.95
1680,2016-12-05,3469.41
1681,2016-12-06,3459.15
1682,2016-12-07,3475.75
1683,2016-12-08,3470.14
1684,2016-12-09,3493.7
1685,2016-12-12,3409.18
1686,2016-12-13,3405.04
1687,2016-12-14,3378.95
1688,2016-12-15,3340.43
1689,2016-12-16,3346.03
1690,2016-12-19,3328.98
1691,2016-12-20,3309.06
1692,2016-12-21,3338.54
1693,2016-12-22,3335.67
1694,2016-12-23,3307.6
1695,2016-12-26,3322.4
1696,2016-12-27,3316.39
1697,2016-12-28,3301.89
1698,2016-12-29,3297.76
1699,2016-12-30,3310.08
1700,2017-01-03,3342.23
1701,2017-01-04,3368.31
1702,2017-01-05,3367.79
1703,2017-01-06,3347.67
1704,2017-01-09,3363.9
1705,2017-01-10,3358.27
1706,2017-01-11,3334.5
1707,2017-01-12,3317.62
1708,2017-01-13,3319.91
1709,2017-01-16,3319.45
1710,2017-01-17,3326.36
1711,2017-01-18,3339.37
1712,2017-01-19,3329.29
1713,2017-01-20,3354.89
1714,2017-01-23,3364.08
1715,2017-01-24,3364.45
1716,2017-01-25,3375.9
1717,2017-01-26,3387.96
1718,2017-02-03,3364.49
1719,2017-02-06,3373.21
1720,2017-02-07,3365.68
1721,2017-02-08,3383.29
1722,2017-02-09,3396.29
1723,2017-02-10,3413.49
1724,2017-02-13,3436.27
1725,2017-02-14,3435.8
1726,2017-02-15,3421.71
1727,2017-02-16,3440.93
1728,2017-02-17,3421.44
1729,2017-02-20,3471.39
1730,2017-02-21,3482.82
1731,2017-02-22,3489.76
1732,2017-02-23,3473.32
1733,2017-02-24,3473.85
1734,2017-02-27,3446.22
1735,2017-02-28,3452.81
1736,2017-03-01,3458.44
1737,2017-03-02,3435.1
1738,2017-03-03,3427.86
1739,2017-03-06,3446.48
1740,2017-03-07,3453.96
1741,2017-03-08,3448.73
1742,2017-03-09,3426.94
1743,2017-03-10,3427.89
1744,2017-03-13,3458.1
1745,2017-03-14,3456.69
1746,2017-03-15,3463.64
1747,2017-03-16,3481.51
1748,2017-03-17,3445.81
1749,2017-03-20,3449.61
1750,2017-03-21,3466.35
1751,2017-03-22,3450.05
1752,2017-03-23,3461.98
1753,2017-03-24,3489.6
1754,2017-03-27,3478.04
1755,2017-03-28,3469.81
1756,2017-03-29,3465.19
1757,2017-03-30,3436.76
1758,2017-03-31,3456.05
1759,2017-04-05,3503.89
1760,2017-04-06,3514.05
1761,2017-04-07,3517.46
1762,2017-04-10,3505.14
1763,2017-04-11,3517.33
1764,2017-04-12,3509.44
1765,2017-04-13,3514.57
1766,2017-04-14,3486.5
1767,2017-04-17,3479.94
1768,2017-04-18,3462.74
1769,2017-04-19,3445.88
1770,2017-04-20,3461.55
1771,2017-04-21,3466.79
1772,2017-04-24,3431.26
1773,2017-04-25,3440.97
1774,2017-04-26,3445.18
1775,2017-04-27,3446.72
1776,2017-04-28,3439.75
1777,2017-05-02,3426.58
1778,2017-05-03,3413.13
1779,2017-05-04,3404.39
1780,2017-05-05,3382.55
1781,2017-05-08,3358.81
1782,2017-05-09,3352.53
1783,2017-05-10,3337.7
1784,2017-05-11,3356.65
1785,2017-05-12,3385.38
1786,2017-05-15,3399.19
1787,2017-05-16,3428.65
1788,2017-05-17,3409.97
1789,2017-05-18,3398.11
1790,2017-05-19,3403.85
1791,2017-05-22,3411.24
1792,2017-05-23,3424.19
1793,2017-05-24,3424.17
1794,2017-05-25,3485.66
1795,2017-05-26,3480.43
1796,2017-05-31,3492.88
1797,2017-06-01,3497.74
1798,2017-06-02,3486.51
1799,2017-06-05,3468.75
1800,2017-06-06,3492.88
1801,2017-06-07,3533.87
1802,2017-06-08,3560.98
1803,2017-06-09,3576.17
1804,2017-06-12,3574.39
1805,2017-06-13,3582.27
1806,2017-06-14,3535.3
1807,2017-06-15,3528.79
1808,2017-06-16,3518.76
1809,2017-06-19,3553.67
1810,2017-06-20,3546.49
1811,2017-06-21,3587.96
1812,2017-06-22,3590.34
1813,2017-06-23,3622.88
1814,2017-06-26,3668.09
1815,2017-06-27,3674.72
1816,2017-06-28,3646.17
1817,2017-06-29,3668.83
1818,2017-06-30,3666.8
